0;Root entity;-1;Root entity;NULL;1;NULL;NULL;NULL;NULL;NULL;NULL;NULL;NULL;NULL;NULL;NULL;NULL;NULL;NULL;NULL;NULL;NULL;NULL;0;NULL;NULL;NULL;0;0;0;0;-2;-2;0;0;0;0;0;0;0;0;-10;1;NULL;1;0;0;NULL;0;0;0;0;0;1;-10;0;0;10;10;0;1;0;NULL;NULL;0
1;Orange;0;Root entity > Orange;updated from OrangeCarto;2;NULL;"[""0""]";NULL;NULL;NULL;NULL;NULL;NULL;NULL;NULL;NULL;NULL;NULL;NULL;NULL;NULL;NULL;NULL;0;NULL;NULL;NULL;-2;-2;-2;-2;-2;-2;-2;-2;-2;-2;-2;-2;-2;-2;-2;-2;09/11/2017 10:24;-2;0;-10;NULL;-2;-2;-2;-2;-2;-2;-2;-2;-2;-2;-2;-2;-2;0;09/11/2017 10:24;06/11/2017 16:39;-2
2;OF;1;Root entity > Orange > OF;updated from OrangeCarto;3;NULL;"[""0"",""1""]";NULL;NULL;NULL;NULL;NULL;NULL;NULL;NULL;NULL;NULL;NULL;NULL;NULL;NULL;NULL;NULL;0;NULL;NULL;NULL;-2;-2;-2;-2;-2;-2;-2;-2;-2;-2;-2;-2;-2;-2;-2;-2;09/11/2017 10:24;-2;0;-10;NULL;-2;-2;-2;-2;-2;-2;-2;-2;-2;-2;-2;-2;-2;0;09/11/2017 10:24;06/11/2017 16:39;-2
3;DTSI;2;Root entity > Orange > OF > DTSI;updated from OrangeCarto;4;NULL;"[""0"",""1"",""2""]";NULL;NULL;NULL;NULL;NULL;NULL;NULL;NULL;NULL;NULL;NULL;NULL;NULL;NULL;NULL;NULL;0;NULL;NULL;NULL;-2;-2;-2;-2;-2;-2;-2;-2;-2;-2;-2;-2;-2;-2;-2;-2;09/11/2017 10:24;-2;0;-10;NULL;-2;-2;-2;-2;-2;-2;-2;-2;-2;-2;-2;-2;-2;0;09/11/2017 10:24;06/11/2017 16:39;-2
4;DSI;3;Root entity > Orange > OF > DTSI > DSI;updated from OrangeCarto;5;NULL;"[""0"",""1"",""2"",""3""]";NULL;NULL;NULL;NULL;NULL;NULL;NULL;NULL;NULL;NULL;NULL;NULL;NULL;NULL;NULL;NULL;0;NULL;NULL;NULL;-2;-2;-2;-2;-2;-2;-2;-2;-2;-2;-2;-2;-2;-2;-2;-2;09/11/2017 10:24;-2;0;-10;NULL;-2;-2;-2;-2;-2;-2;-2;-2;-2;-2;-2;-2;-2;0;09/11/2017 10:24;06/11/2017 16:39;-2
5;DSI BGP;4;Root entity > Orange > OF > DTSI > DSI > DSI BGP;updated from OrangeCarto;6;NULL;"[""0"",""1"",""2"",""3"",""4""]";NULL;NULL;NULL;NULL;NULL;NULL;NULL;NULL;NULL;NULL;NULL;NULL;NULL;NULL;NULL;NULL;0;NULL;NULL;NULL;-2;-2;-2;-2;-2;-2;-2;-2;-2;-2;-2;-2;-2;-2;-2;-2;09/11/2017 10:24;-2;0;-10;NULL;-2;-2;-2;-2;-2;-2;-2;-2;-2;-2;-2;-2;-2;0;09/11/2017 10:24;06/11/2017 16:39;-2
6;DS SC;5;Root entity > Orange > OF > DTSI > DSI > DSI BGP > DS SC;updated from OrangeCarto;7;NULL;"[""0"",""1"",""2"",""3"",""4"",""5""]";NULL;NULL;NULL;NULL;NULL;NULL;NULL;NULL;NULL;NULL;NULL;NULL;NULL;NULL;NULL;NULL;0;NULL;NULL;NULL;-2;-2;-2;-2;-2;-2;-2;-2;-2;-2;-2;-2;-2;-2;-2;-2;09/11/2017 10:24;-2;0;-10;NULL;-2;-2;-2;-2;-2;-2;-2;-2;-2;-2;-2;-2;-2;0;09/11/2017 10:24;06/11/2017 16:39;-2
7;DP SI SPCT;6;Root entity > Orange > OF > DTSI > DSI > DSI BGP > DS SC > DP SI SPCT;updated from OrangeCarto;8;NULL;"[""0"",""1"",""2"",""3"",""4"",""5"",""6""]";NULL;NULL;NULL;NULL;NULL;NULL;NULL;NULL;NULL;NULL;NULL;NULL;NULL;NULL;NULL;NULL;0;NULL;NULL;NULL;-2;-2;-2;-2;-2;-2;-2;-2;-2;-2;-2;-2;-2;-2;-2;-2;09/11/2017 10:24;-2;0;-10;NULL;-2;-2;-2;-2;-2;-2;-2;-2;-2;-2;-2;-2;-2;0;09/11/2017 10:24;06/11/2017 16:39;-2
8;IMT;1;Root entity > Orange > IMT;updated from OrangeCarto;3;NULL;"[""0"",""1""]";NULL;NULL;NULL;NULL;NULL;NULL;NULL;NULL;NULL;NULL;NULL;NULL;NULL;NULL;NULL;NULL;0;NULL;NULL;NULL;-2;-2;-2;-2;-2;-2;-2;-2;-2;-2;-2;-2;-2;-2;-2;-2;09/11/2017 10:24;-2;0;-10;NULL;-2;-2;-2;-2;-2;-2;-2;-2;-2;-2;-2;-2;-2;0;09/11/2017 10:24;06/11/2017 16:39;-2
9;OLS;8;Root entity > Orange > IMT > OLS;updated from OrangeCarto;4;NULL;"{""0"":""0"",""1"":""1"",""8"":""8""}";NULL;NULL;NULL;NULL;NULL;NULL;NULL;NULL;NULL;NULL;NULL;NULL;NULL;NULL;NULL;NULL;0;NULL;NULL;NULL;-2;-2;-2;-2;-2;-2;-2;-2;-2;-2;-2;-2;-2;-2;-2;-2;09/11/2017 10:24;-2;0;-10;NULL;-2;-2;-2;-2;-2;-2;-2;-2;-2;-2;-2;-2;-2;0;09/11/2017 10:24;06/11/2017 16:39;-2
10;CCMB;9;Root entity > Orange > IMT > OLS > CCMB;updated from OrangeCarto;5;NULL;"{""0"":""0"",""1"":""1"",""8"":""8"",""9"":""9""}";NULL;NULL;NULL;NULL;NULL;NULL;NULL;NULL;NULL;NULL;NULL;NULL;NULL;NULL;NULL;NULL;0;NULL;NULL;NULL;-2;-2;-2;-2;-2;-2;-2;-2;-2;-2;-2;-2;-2;-2;-2;-2;09/11/2017 10:24;-2;0;-10;NULL;-2;-2;-2;-2;-2;-2;-2;-2;-2;-2;-2;-2;-2;0;09/11/2017 10:24;06/11/2017 16:39;-2
11;CITY;10;Root entity > Orange > IMT > OLS > CCMB > CITY;updated from OrangeCarto;6;NULL;"{""0"":""0"",""1"":""1"",""8"":""8"",""9"":""9"",""10"":""10""}";NULL;NULL;NULL;NULL;NULL;NULL;NULL;NULL;NULL;NULL;NULL;NULL;NULL;NULL;NULL;NULL;0;NULL;NULL;NULL;-2;-2;-2;-2;-2;-2;-2;-2;-2;-2;-2;-2;-2;-2;-2;-2;09/11/2017 10:24;-2;0;-10;NULL;-2;-2;-2;-2;-2;-2;-2;-2;-2;-2;-2;-2;-2;0;09/11/2017 10:24;06/11/2017 16:39;-2
12;PHS;11;Root entity > Orange > IMT > OLS > CCMB > CITY > PHS;updated from OrangeCarto;7;NULL;"{""0"":""0"",""1"":""1"",""8"":""8"",""9"":""9"",""10"":""10"",""11"":""11""}";NULL;NULL;NULL;NULL;NULL;NULL;NULL;NULL;NULL;NULL;NULL;NULL;NULL;NULL;NULL;NULL;0;NULL;NULL;NULL;-2;-2;-2;-2;-2;-2;-2;-2;-2;-2;-2;-2;-2;-2;-2;-2;09/11/2017 10:24;-2;0;-10;NULL;-2;-2;-2;-2;-2;-2;-2;-2;-2;-2;-2;-2;-2;0;09/11/2017 10:24;06/11/2017 16:39;-2
13;SPRINT;10;Root entity > Orange > IMT > OLS > CCMB > SPRINT;updated from OrangeCarto;6;NULL;"{""0"":""0"",""1"":""1"",""8"":""8"",""9"":""9"",""10"":""10""}";NULL;NULL;NULL;NULL;NULL;NULL;NULL;NULL;NULL;NULL;NULL;NULL;NULL;NULL;NULL;NULL;0;NULL;NULL;NULL;-2;-2;-2;-2;-2;-2;-2;-2;-2;-2;-2;-2;-2;-2;-2;-2;09/11/2017 10:24;-2;0;-10;NULL;-2;-2;-2;-2;-2;-2;-2;-2;-2;-2;-2;-2;-2;0;09/11/2017 10:24;06/11/2017 16:39;-2
14;ASP;13;Root entity > Orange > IMT > OLS > CCMB > SPRINT > ASP;updated from OrangeCarto;7;NULL;"{""0"":""0"",""1"":""1"",""8"":""8"",""9"":""9"",""10"":""10"",""13"":""13""}";NULL;NULL;NULL;NULL;NULL;NULL;NULL;NULL;NULL;NULL;NULL;NULL;NULL;NULL;NULL;NULL;0;NULL;NULL;NULL;-2;-2;-2;-2;-2;-2;-2;-2;-2;-2;-2;-2;-2;-2;-2;-2;09/11/2017 10:24;-2;0;-10;NULL;-2;-2;-2;-2;-2;-2;-2;-2;-2;-2;-2;-2;-2;0;09/11/2017 10:24;06/11/2017 16:39;-2
15;DMGP;2;Root entity > Orange > OF > DMGP;updated from OrangeCarto;4;NULL;"[""0"",""1"",""2""]";NULL;NULL;NULL;NULL;NULL;NULL;NULL;NULL;NULL;NULL;NULL;NULL;NULL;NULL;NULL;NULL;0;NULL;NULL;NULL;-2;-2;-2;-2;-2;-2;-2;-2;-2;-2;-2;-2;-2;-2;-2;-2;09/11/2017 10:24;-2;0;-10;NULL;-2;-2;-2;-2;-2;-2;-2;-2;-2;-2;-2;-2;-2;0;09/11/2017 10:24;06/11/2017 16:39;-2
16;DMP;15;Root entity > Orange > OF > DMGP > DMP;updated from OrangeCarto;5;NULL;"{""0"":""0"",""1"":""1"",""2"":""2"",""15"":""15""}";NULL;NULL;NULL;NULL;NULL;NULL;NULL;NULL;NULL;NULL;NULL;NULL;NULL;NULL;NULL;NULL;0;NULL;NULL;NULL;-2;-2;-2;-2;-2;-2;-2;-2;-2;-2;-2;-2;-2;-2;-2;-2;09/11/2017 10:24;-2;0;-10;NULL;-2;-2;-2;-2;-2;-2;-2;-2;-2;-2;-2;-2;-2;0;09/11/2017 10:24;06/11/2017 16:39;-2
17;SC;16;Root entity > Orange > OF > DMGP > DMP > SC;updated from OrangeCarto;6;NULL;"{""0"":""0"",""1"":""1"",""2"":""2"",""15"":""15"",""16"":""16""}";NULL;NULL;NULL;NULL;NULL;NULL;NULL;NULL;NULL;NULL;NULL;NULL;NULL;NULL;NULL;NULL;0;NULL;NULL;NULL;-2;-2;-2;-2;-2;-2;-2;-2;-2;-2;-2;-2;-2;-2;-2;-2;09/11/2017 10:24;-2;0;-10;NULL;-2;-2;-2;-2;-2;-2;-2;-2;-2;-2;-2;-2;-2;0;09/11/2017 10:24;06/11/2017 16:39;-2
18;BU MOBILE;2;Root entity > Orange > OF > BU MOBILE;updated from OrangeCarto;4;NULL;"[""0"",""1"",""2""]";NULL;NULL;NULL;NULL;NULL;NULL;NULL;NULL;NULL;NULL;NULL;NULL;NULL;NULL;NULL;NULL;0;NULL;NULL;NULL;-2;-2;-2;-2;-2;-2;-2;-2;-2;-2;-2;-2;-2;-2;-2;-2;09/11/2017 10:24;-2;0;-10;NULL;-2;-2;-2;-2;-2;-2;-2;-2;-2;-2;-2;-2;-2;0;09/11/2017 10:24;06/11/2017 16:39;-2
19;MOIT;18;Root entity > Orange > OF > BU MOBILE > MOIT;updated from OrangeCarto;5;NULL;"{""0"":""0"",""1"":""1"",""2"":""2"",""18"":""18""}";NULL;NULL;NULL;NULL;NULL;NULL;NULL;NULL;NULL;NULL;NULL;NULL;NULL;NULL;NULL;NULL;0;NULL;NULL;NULL;-2;-2;-2;-2;-2;-2;-2;-2;-2;-2;-2;-2;-2;-2;-2;-2;09/11/2017 10:24;-2;0;-10;NULL;-2;-2;-2;-2;-2;-2;-2;-2;-2;-2;-2;-2;-2;0;09/11/2017 10:24;06/11/2017 16:39;-2
20;MR;19;Root entity > Orange > OF > BU MOBILE > MOIT > MR;updated from OrangeCarto;6;NULL;"{""0"":""0"",""1"":""1"",""2"":""2"",""18"":""18"",""19"":""19""}";NULL;NULL;NULL;NULL;NULL;NULL;NULL;NULL;NULL;NULL;NULL;NULL;NULL;NULL;NULL;NULL;0;NULL;NULL;NULL;-2;-2;-2;-2;-2;-2;-2;-2;-2;-2;-2;-2;-2;-2;-2;-2;09/11/2017 10:24;-2;0;-10;NULL;-2;-2;-2;-2;-2;-2;-2;-2;-2;-2;-2;-2;-2;0;09/11/2017 10:24;06/11/2017 16:39;-2
21;MC;16;Root entity > Orange > OF > DMGP > DMP > MC;updated from OrangeCarto;6;NULL;"{""0"":""0"",""1"":""1"",""2"":""2"",""15"":""15"",""16"":""16""}";NULL;NULL;NULL;NULL;NULL;NULL;NULL;NULL;NULL;NULL;NULL;NULL;NULL;NULL;NULL;NULL;0;NULL;NULL;NULL;-2;-2;-2;-2;-2;-2;-2;-2;-2;-2;-2;-2;-2;-2;-2;-2;09/11/2017 10:24;-2;0;-10;NULL;-2;-2;-2;-2;-2;-2;-2;-2;-2;-2;-2;-2;-2;0;09/11/2017 10:24;06/11/2017 16:39;-2
22;SRC;9;Root entity > Orange > IMT > OLS > SRC;updated from OrangeCarto;5;NULL;"{""0"":""0"",""1"":""1"",""8"":""8"",""9"":""9""}";NULL;NULL;NULL;NULL;NULL;NULL;NULL;NULL;NULL;NULL;NULL;NULL;NULL;NULL;NULL;NULL;0;NULL;NULL;NULL;-2;-2;-2;-2;-2;-2;-2;-2;-2;-2;-2;-2;-2;-2;-2;-2;09/11/2017 10:24;-2;0;-10;NULL;-2;-2;-2;-2;-2;-2;-2;-2;-2;-2;-2;-2;-2;0;09/11/2017 10:24;06/11/2017 16:39;-2
23;SESAME;22;Root entity > Orange > IMT > OLS > SRC > SESAME;updated from OrangeCarto;6;NULL;"{""0"":""0"",""1"":""1"",""8"":""8"",""9"":""9"",""22"":""22""}";NULL;NULL;NULL;NULL;NULL;NULL;NULL;NULL;NULL;NULL;NULL;NULL;NULL;NULL;NULL;NULL;0;NULL;NULL;NULL;-2;-2;-2;-2;-2;-2;-2;-2;-2;-2;-2;-2;-2;-2;-2;-2;09/11/2017 10:24;-2;0;-10;NULL;-2;-2;-2;-2;-2;-2;-2;-2;-2;-2;-2;-2;-2;0;09/11/2017 10:24;06/11/2017 16:39;-2
24;SMS;23;Root entity > Orange > IMT > OLS > SRC > SESAME > SMS;updated from OrangeCarto;7;NULL;"{""0"":""0"",""1"":""1"",""8"":""8"",""9"":""9"",""22"":""22"",""23"":""23""}";NULL;NULL;NULL;NULL;NULL;NULL;NULL;NULL;NULL;NULL;NULL;NULL;NULL;NULL;NULL;NULL;0;NULL;NULL;NULL;-2;-2;-2;-2;-2;-2;-2;-2;-2;-2;-2;-2;-2;-2;-2;-2;09/11/2017 10:24;-2;0;-10;NULL;-2;-2;-2;-2;-2;-2;-2;-2;-2;-2;-2;-2;-2;0;09/11/2017 10:24;06/11/2017 16:39;-2
25;DESI;3;Root entity > Orange > OF > DTSI > DESI;updated from OrangeCarto;5;NULL;"[""0"",""1"",""2"",""3""]";NULL;NULL;NULL;NULL;NULL;NULL;NULL;NULL;NULL;NULL;NULL;NULL;NULL;NULL;NULL;NULL;0;NULL;NULL;NULL;-2;-2;-2;-2;-2;-2;-2;-2;-2;-2;-2;-2;-2;-2;-2;-2;09/11/2017 10:24;-2;0;-10;NULL;-2;-2;-2;-2;-2;-2;-2;-2;-2;-2;-2;-2;-2;0;09/11/2017 10:24;06/11/2017 16:39;-2
26;DASI;25;Root entity > Orange > OF > DTSI > DESI > DASI;updated from OrangeCarto;6;NULL;"{""0"":""0"",""1"":""1"",""2"":""2"",""3"":""3"",""25"":""25""}";NULL;NULL;NULL;NULL;NULL;NULL;NULL;NULL;NULL;NULL;NULL;NULL;NULL;NULL;NULL;NULL;0;NULL;NULL;NULL;-2;-2;-2;-2;-2;-2;-2;-2;-2;-2;-2;-2;-2;-2;-2;-2;09/11/2017 10:24;-2;0;-10;NULL;-2;-2;-2;-2;-2;-2;-2;-2;-2;-2;-2;-2;-2;0;09/11/2017 10:24;06/11/2017 16:39;-2
27;RSP;26;Root entity > Orange > OF > DTSI > DESI > DASI > RSP;updated from OrangeCarto;7;NULL;"{""0"":""0"",""1"":""1"",""2"":""2"",""3"":""3"",""25"":""25"",""26"":""26""}";NULL;NULL;NULL;NULL;NULL;NULL;NULL;NULL;NULL;NULL;NULL;NULL;NULL;NULL;NULL;NULL;0;NULL;NULL;NULL;-2;-2;-2;-2;-2;-2;-2;-2;-2;-2;-2;-2;-2;-2;-2;-2;09/11/2017 10:24;-2;0;-10;NULL;-2;-2;-2;-2;-2;-2;-2;-2;-2;-2;-2;-2;-2;0;09/11/2017 10:24;06/11/2017 16:39;-2
28;PCMEP;26;Root entity > Orange > OF > DTSI > DESI > DASI > PCMEP;updated from OrangeCarto;7;NULL;"{""0"":""0"",""1"":""1"",""2"":""2"",""3"":""3"",""25"":""25"",""26"":""26""}";NULL;NULL;NULL;NULL;NULL;NULL;NULL;NULL;NULL;NULL;NULL;NULL;NULL;NULL;NULL;NULL;0;NULL;NULL;NULL;-2;-2;-2;-2;-2;-2;-2;-2;-2;-2;-2;-2;-2;-2;-2;-2;09/11/2017 10:24;-2;0;-10;NULL;-2;-2;-2;-2;-2;-2;-2;-2;-2;-2;-2;-2;-2;0;09/11/2017 10:24;06/11/2017 16:39;-2
29;MEA;1;Root entity > Orange > MEA;updated from OrangeCarto;3;NULL;"[""0"",""1""]";NULL;NULL;NULL;NULL;NULL;NULL;NULL;NULL;NULL;NULL;NULL;NULL;NULL;NULL;NULL;NULL;0;NULL;NULL;NULL;-2;-2;-2;-2;-2;-2;-2;-2;-2;-2;-2;-2;-2;-2;-2;-2;09/11/2017 10:24;-2;0;-10;NULL;-2;-2;-2;-2;-2;-2;-2;-2;-2;-2;-2;-2;-2;0;09/11/2017 10:24;06/11/2017 16:39;-2
30;WEA;29;Root entity > Orange > MEA > WEA;updated from OrangeCarto;4;NULL;"{""0"":""0"",""1"":""1"",""29"":""29""}";NULL;NULL;NULL;NULL;NULL;NULL;NULL;NULL;NULL;NULL;NULL;NULL;NULL;NULL;NULL;NULL;0;NULL;NULL;NULL;-2;-2;-2;-2;-2;-2;-2;-2;-2;-2;-2;-2;-2;-2;-2;-2;09/11/2017 10:24;-2;0;-10;NULL;-2;-2;-2;-2;-2;-2;-2;-2;-2;-2;-2;-2;-2;0;09/11/2017 10:24;06/11/2017 16:39;-2
31;BISSAU GUINEA;30;Root entity > Orange > MEA > WEA > BISSAU GUINEA;updated from OrangeCarto;5;NULL;"{""0"":""0"",""1"":""1"",""29"":""29"",""30"":""30""}";NULL;NULL;NULL;NULL;NULL;NULL;NULL;NULL;NULL;NULL;NULL;NULL;NULL;NULL;NULL;NULL;0;NULL;NULL;NULL;-2;-2;-2;-2;-2;-2;-2;-2;-2;-2;-2;-2;-2;-2;-2;-2;09/11/2017 10:24;-2;0;-10;NULL;-2;-2;-2;-2;-2;-2;-2;-2;-2;-2;-2;-2;-2;0;09/11/2017 10:24;06/11/2017 16:39;-2
32;DT;31;Root entity > Orange > MEA > WEA > BISSAU GUINEA > DT;updated from OrangeCarto;6;NULL;"{""0"":""0"",""1"":""1"",""29"":""29"",""30"":""30"",""31"":""31""}";NULL;NULL;NULL;NULL;NULL;NULL;NULL;NULL;NULL;NULL;NULL;NULL;NULL;NULL;NULL;NULL;0;NULL;NULL;NULL;-2;-2;-2;-2;-2;-2;-2;-2;-2;-2;-2;-2;-2;-2;-2;-2;09/11/2017 10:24;-2;0;-10;NULL;-2;-2;-2;-2;-2;-2;-2;-2;-2;-2;-2;-2;-2;0;09/11/2017 10:24;06/11/2017 16:39;-2
33;GUINEA;30;Root entity > Orange > MEA > WEA > GUINEA;updated from OrangeCarto;5;NULL;"{""0"":""0"",""1"":""1"",""29"":""29"",""30"":""30""}";NULL;NULL;NULL;NULL;NULL;NULL;NULL;NULL;NULL;NULL;NULL;NULL;NULL;NULL;NULL;NULL;0;NULL;NULL;NULL;-2;-2;-2;-2;-2;-2;-2;-2;-2;-2;-2;-2;-2;-2;-2;-2;09/11/2017 10:24;-2;0;-10;NULL;-2;-2;-2;-2;-2;-2;-2;-2;-2;-2;-2;-2;-2;0;09/11/2017 10:24;06/11/2017 16:39;-2
34;DRSI;33;Root entity > Orange > MEA > WEA > GUINEA > DRSI;updated from OrangeCarto;6;NULL;"{""0"":""0"",""1"":""1"",""29"":""29"",""30"":""30"",""33"":""33""}";NULL;NULL;NULL;NULL;NULL;NULL;NULL;NULL;NULL;NULL;NULL;NULL;NULL;NULL;NULL;NULL;0;NULL;NULL;NULL;-2;-2;-2;-2;-2;-2;-2;-2;-2;-2;-2;-2;-2;-2;-2;-2;09/11/2017 10:24;-2;0;-10;NULL;-2;-2;-2;-2;-2;-2;-2;-2;-2;-2;-2;-2;-2;0;09/11/2017 10:24;06/11/2017 16:39;-2
35;DEM;34;Root entity > Orange > MEA > WEA > GUINEA > DRSI > DEM;updated from OrangeCarto;7;NULL;"{""0"":""0"",""1"":""1"",""29"":""29"",""30"":""30"",""33"":""33"",""34"":""34""}";NULL;NULL;NULL;NULL;NULL;NULL;NULL;NULL;NULL;NULL;NULL;NULL;NULL;NULL;NULL;NULL;0;NULL;NULL;NULL;-2;-2;-2;-2;-2;-2;-2;-2;-2;-2;-2;-2;-2;-2;-2;-2;09/11/2017 10:24;-2;0;-10;NULL;-2;-2;-2;-2;-2;-2;-2;-2;-2;-2;-2;-2;-2;0;09/11/2017 10:24;06/11/2017 16:39;-2
36;ARSEC;9;Root entity > Orange > IMT > OLS > ARSEC;updated from OrangeCarto;5;NULL;"{""0"":""0"",""1"":""1"",""8"":""8"",""9"":""9""}";NULL;NULL;NULL;NULL;NULL;NULL;NULL;NULL;NULL;NULL;NULL;NULL;NULL;NULL;NULL;NULL;0;NULL;NULL;NULL;-2;-2;-2;-2;-2;-2;-2;-2;-2;-2;-2;-2;-2;-2;-2;-2;09/11/2017 10:24;-2;0;-10;NULL;-2;-2;-2;-2;-2;-2;-2;-2;-2;-2;-2;-2;-2;0;09/11/2017 10:24;06/11/2017 16:39;-2
37;API;36;Root entity > Orange > IMT > OLS > ARSEC > API;updated from OrangeCarto;6;NULL;"{""0"":""0"",""1"":""1"",""8"":""8"",""9"":""9"",""36"":""36""}";NULL;NULL;NULL;NULL;NULL;NULL;NULL;NULL;NULL;NULL;NULL;NULL;NULL;NULL;NULL;NULL;0;NULL;NULL;NULL;-2;-2;-2;-2;-2;-2;-2;-2;-2;-2;-2;-2;-2;-2;-2;-2;09/11/2017 10:24;-2;0;-10;NULL;-2;-2;-2;-2;-2;-2;-2;-2;-2;-2;-2;-2;-2;0;09/11/2017 10:24;06/11/2017 16:39;-2
38;AODO;37;Root entity > Orange > IMT > OLS > ARSEC > API > AODO;updated from OrangeCarto;7;NULL;"{""0"":""0"",""1"":""1"",""8"":""8"",""9"":""9"",""36"":""36"",""37"":""37""}";NULL;NULL;NULL;NULL;NULL;NULL;NULL;NULL;NULL;NULL;NULL;NULL;NULL;NULL;NULL;NULL;0;NULL;NULL;NULL;-2;-2;-2;-2;-2;-2;-2;-2;-2;-2;-2;-2;-2;-2;-2;-2;09/11/2017 10:24;-2;0;-10;NULL;-2;-2;-2;-2;-2;-2;-2;-2;-2;-2;-2;-2;-2;0;09/11/2017 10:24;06/11/2017 16:39;-2
39;WECA;29;Root entity > Orange > MEA > WECA;updated from OrangeCarto;4;NULL;"{""0"":""0"",""1"":""1"",""29"":""29""}";NULL;NULL;NULL;NULL;NULL;NULL;NULL;NULL;NULL;NULL;NULL;NULL;NULL;NULL;NULL;NULL;0;NULL;NULL;NULL;-2;-2;-2;-2;-2;-2;-2;-2;-2;-2;-2;-2;-2;-2;-2;-2;09/11/2017 10:24;-2;0;-10;NULL;-2;-2;-2;-2;-2;-2;-2;-2;-2;-2;-2;-2;-2;0;09/11/2017 10:24;06/11/2017 16:39;-2
40;IVORY COAST;39;Root entity > Orange > MEA > WECA > IVORY COAST;updated from OrangeCarto;5;NULL;"{""0"":""0"",""1"":""1"",""29"":""29"",""39"":""39""}";NULL;NULL;NULL;NULL;NULL;NULL;NULL;NULL;NULL;NULL;NULL;NULL;NULL;NULL;NULL;NULL;0;NULL;NULL;NULL;-2;-2;-2;-2;-2;-2;-2;-2;-2;-2;-2;-2;-2;-2;-2;-2;09/11/2017 10:24;-2;0;-10;NULL;-2;-2;-2;-2;-2;-2;-2;-2;-2;-2;-2;-2;-2;0;09/11/2017 10:24;06/11/2017 16:39;-2
41;CIS;9;Root entity > Orange > IMT > OLS > CIS;updated from OrangeCarto;5;NULL;"{""0"":""0"",""1"":""1"",""8"":""8"",""9"":""9""}";NULL;NULL;NULL;NULL;NULL;NULL;NULL;NULL;NULL;NULL;NULL;NULL;NULL;NULL;NULL;NULL;0;NULL;NULL;NULL;-2;-2;-2;-2;-2;-2;-2;-2;-2;-2;-2;-2;-2;-2;-2;-2;09/11/2017 10:24;-2;0;-10;NULL;-2;-2;-2;-2;-2;-2;-2;-2;-2;-2;-2;-2;-2;0;09/11/2017 10:24;06/11/2017 16:39;-2
42;DLV GED ENABLER;41;Root entity > Orange > IMT > OLS > CIS > DLV GED ENABLER;updated from OrangeCarto;6;NULL;"{""0"":""0"",""1"":""1"",""8"":""8"",""9"":""9"",""41"":""41""}";NULL;NULL;NULL;NULL;NULL;NULL;NULL;NULL;NULL;NULL;NULL;NULL;NULL;NULL;NULL;NULL;0;NULL;NULL;NULL;-2;-2;-2;-2;-2;-2;-2;-2;-2;-2;-2;-2;-2;-2;-2;-2;09/11/2017 10:24;-2;0;-10;NULL;-2;-2;-2;-2;-2;-2;-2;-2;-2;-2;-2;-2;-2;0;09/11/2017 10:24;06/11/2017 16:39;-2
43;OLPS;8;Root entity > Orange > IMT > OLPS;updated from OrangeCarto;4;NULL;"{""0"":""0"",""1"":""1"",""8"":""8""}";NULL;NULL;NULL;NULL;NULL;NULL;NULL;NULL;NULL;NULL;NULL;NULL;NULL;NULL;NULL;NULL;0;NULL;NULL;NULL;-2;-2;-2;-2;-2;-2;-2;-2;-2;-2;-2;-2;-2;-2;-2;-2;09/11/2017 10:24;-2;0;-10;NULL;-2;-2;-2;-2;-2;-2;-2;-2;-2;-2;-2;-2;-2;0;09/11/2017 10:24;06/11/2017 16:39;-2
44;OPENSERV;43;Root entity > Orange > IMT > OLPS > OPENSERV;updated from OrangeCarto;5;NULL;"{""0"":""0"",""1"":""1"",""8"":""8"",""43"":""43""}";NULL;NULL;NULL;NULL;NULL;NULL;NULL;NULL;NULL;NULL;NULL;NULL;NULL;NULL;NULL;NULL;0;NULL;NULL;NULL;-2;-2;-2;-2;-2;-2;-2;-2;-2;-2;-2;-2;-2;-2;-2;-2;09/11/2017 10:24;-2;0;-10;NULL;-2;-2;-2;-2;-2;-2;-2;-2;-2;-2;-2;-2;-2;0;09/11/2017 10:24;06/11/2017 16:39;-2
45;PAYSOL;44;Root entity > Orange > IMT > OLPS > OPENSERV > PAYSOL;updated from OrangeCarto;6;NULL;"{""0"":""0"",""1"":""1"",""8"":""8"",""43"":""43"",""44"":""44""}";NULL;NULL;NULL;NULL;NULL;NULL;NULL;NULL;NULL;NULL;NULL;NULL;NULL;NULL;NULL;NULL;0;NULL;NULL;NULL;-2;-2;-2;-2;-2;-2;-2;-2;-2;-2;-2;-2;-2;-2;-2;-2;09/11/2017 10:24;-2;0;-10;NULL;-2;-2;-2;-2;-2;-2;-2;-2;-2;-2;-2;-2;-2;0;09/11/2017 10:24;06/11/2017 16:39;-2
46;OMDR;45;Root entity > Orange > IMT > OLPS > OPENSERV > PAYSOL > OMDR;updated from OrangeCarto;7;NULL;"{""0"":""0"",""1"":""1"",""8"":""8"",""43"":""43"",""44"":""44"",""45"":""45""}";NULL;NULL;NULL;NULL;NULL;NULL;NULL;NULL;NULL;NULL;NULL;NULL;NULL;NULL;NULL;NULL;0;NULL;NULL;NULL;-2;-2;-2;-2;-2;-2;-2;-2;-2;-2;-2;-2;-2;-2;-2;-2;09/11/2017 10:24;-2;0;-10;NULL;-2;-2;-2;-2;-2;-2;-2;-2;-2;-2;-2;-2;-2;0;09/11/2017 10:24;06/11/2017 16:39;-2
48;GO;9;Root entity > Orange > IMT > OLS > GO;updated from OrangeCarto;5;NULL;"{""0"":""0"",""1"":""1"",""8"":""8"",""9"":""9""}";NULL;NULL;NULL;NULL;NULL;NULL;NULL;NULL;NULL;NULL;NULL;NULL;NULL;NULL;NULL;NULL;0;NULL;NULL;NULL;-2;-2;-2;-2;-2;-2;-2;-2;-2;-2;-2;-2;-2;-2;-2;-2;09/11/2017 10:24;-2;0;-10;NULL;-2;-2;-2;-2;-2;-2;-2;-2;-2;-2;-2;-2;-2;0;09/11/2017 10:24;06/11/2017 16:39;-2
49;C3S;48;Root entity > Orange > IMT > OLS > GO > C3S;updated from OrangeCarto;6;NULL;"{""0"":""0"",""1"":""1"",""8"":""8"",""9"":""9"",""48"":""48""}";NULL;NULL;NULL;NULL;NULL;NULL;NULL;NULL;NULL;NULL;NULL;NULL;NULL;NULL;NULL;NULL;0;NULL;NULL;NULL;-2;-2;-2;-2;-2;-2;-2;-2;-2;-2;-2;-2;-2;-2;-2;-2;09/11/2017 10:24;-2;0;-10;NULL;-2;-2;-2;-2;-2;-2;-2;-2;-2;-2;-2;-2;-2;0;09/11/2017 10:24;06/11/2017 16:39;-2
50;ITXD;49;Root entity > Orange > IMT > OLS > GO > C3S > ITXD;updated from OrangeCarto;7;NULL;"{""0"":""0"",""1"":""1"",""8"":""8"",""9"":""9"",""48"":""48"",""49"":""49""}";NULL;NULL;NULL;NULL;NULL;NULL;NULL;NULL;NULL;NULL;NULL;NULL;NULL;NULL;NULL;NULL;0;NULL;NULL;NULL;-2;-2;-2;-2;-2;-2;-2;-2;-2;-2;-2;-2;-2;-2;-2;-2;09/11/2017 10:24;-2;0;-10;NULL;-2;-2;-2;-2;-2;-2;-2;-2;-2;-2;-2;-2;-2;0;09/11/2017 10:24;06/11/2017 16:39;-2
51;TECHNOCENTRE;8;Root entity > Orange > IMT > TECHNOCENTRE;updated from OrangeCarto;4;NULL;"{""0"":""0"",""1"":""1"",""8"":""8""}";NULL;NULL;NULL;NULL;NULL;NULL;NULL;NULL;NULL;NULL;NULL;NULL;NULL;NULL;NULL;NULL;0;NULL;NULL;NULL;-2;-2;-2;-2;-2;-2;-2;-2;-2;-2;-2;-2;-2;-2;-2;-2;09/11/2017 10:24;-2;0;-10;NULL;-2;-2;-2;-2;-2;-2;-2;-2;-2;-2;-2;-2;-2;0;09/11/2017 10:24;06/11/2017 16:39;-2
52;DMP;51;Root entity > Orange > IMT > TECHNOCENTRE > DMP;updated from OrangeCarto;5;NULL;"{""0"":""0"",""1"":""1"",""8"":""8"",""51"":""51""}";NULL;NULL;NULL;NULL;NULL;NULL;NULL;NULL;NULL;NULL;NULL;NULL;NULL;NULL;NULL;NULL;0;NULL;NULL;NULL;-2;-2;-2;-2;-2;-2;-2;-2;-2;-2;-2;-2;-2;-2;-2;-2;09/11/2017 10:24;-2;0;-10;NULL;-2;-2;-2;-2;-2;-2;-2;-2;-2;-2;-2;-2;-2;0;09/11/2017 10:24;06/11/2017 16:39;-2
53;SMA;52;Root entity > Orange > IMT > TECHNOCENTRE > DMP > SMA;updated from OrangeCarto;6;NULL;"{""0"":""0"",""1"":""1"",""8"":""8"",""51"":""51"",""52"":""52""}";NULL;NULL;NULL;NULL;NULL;NULL;NULL;NULL;NULL;NULL;NULL;NULL;NULL;NULL;NULL;NULL;0;NULL;NULL;NULL;-2;-2;-2;-2;-2;-2;-2;-2;-2;-2;-2;-2;-2;-2;-2;-2;09/11/2017 10:24;-2;0;-10;NULL;-2;-2;-2;-2;-2;-2;-2;-2;-2;-2;-2;-2;-2;0;09/11/2017 10:24;06/11/2017 16:39;-2
54;SG;1;Root entity > Orange > SG;updated from OrangeCarto;3;NULL;"[""0"",""1""]";NULL;NULL;NULL;NULL;NULL;NULL;NULL;NULL;NULL;NULL;NULL;NULL;NULL;NULL;NULL;NULL;0;NULL;NULL;NULL;-2;-2;-2;-2;-2;-2;-2;-2;-2;-2;-2;-2;-2;-2;-2;-2;09/11/2017 10:24;-2;0;-10;NULL;-2;-2;-2;-2;-2;-2;-2;-2;-2;-2;-2;-2;-2;0;09/11/2017 10:24;06/11/2017 16:39;-2
55;SGA;54;Root entity > Orange > SG > SGA;updated from OrangeCarto;4;NULL;"{""0"":""0"",""1"":""1"",""54"":""54""}";NULL;NULL;NULL;NULL;NULL;NULL;NULL;NULL;NULL;NULL;NULL;NULL;NULL;NULL;NULL;NULL;0;NULL;NULL;NULL;-2;-2;-2;-2;-2;-2;-2;-2;-2;-2;-2;-2;-2;-2;-2;-2;09/11/2017 10:24;-2;0;-10;NULL;-2;-2;-2;-2;-2;-2;-2;-2;-2;-2;-2;-2;-2;0;09/11/2017 10:24;06/11/2017 16:39;-2
56;DGCI;55;Root entity > Orange > SG > SGA > DGCI;updated from OrangeCarto;5;NULL;"{""0"":""0"",""1"":""1"",""54"":""54"",""55"":""55""}";NULL;NULL;NULL;NULL;NULL;NULL;NULL;NULL;NULL;NULL;NULL;NULL;NULL;NULL;NULL;NULL;0;NULL;NULL;NULL;-2;-2;-2;-2;-2;-2;-2;-2;-2;-2;-2;-2;-2;-2;-2;-2;09/11/2017 10:24;-2;0;-10;NULL;-2;-2;-2;-2;-2;-2;-2;-2;-2;-2;-2;-2;-2;0;09/11/2017 10:24;06/11/2017 16:39;-2
57;ML;56;Root entity > Orange > SG > SGA > DGCI > ML;updated from OrangeCarto;6;NULL;"{""0"":""0"",""1"":""1"",""54"":""54"",""55"":""55"",""56"":""56""}";NULL;NULL;NULL;NULL;NULL;NULL;NULL;NULL;NULL;NULL;NULL;NULL;NULL;NULL;NULL;NULL;0;NULL;NULL;NULL;-2;-2;-2;-2;-2;-2;-2;-2;-2;-2;-2;-2;-2;-2;-2;-2;09/11/2017 10:24;-2;0;-10;NULL;-2;-2;-2;-2;-2;-2;-2;-2;-2;-2;-2;-2;-2;0;09/11/2017 10:24;06/11/2017 16:39;-2
58;OLN;8;Root entity > Orange > IMT > OLN;updated from OrangeCarto;4;NULL;"{""0"":""0"",""1"":""1"",""8"":""8""}";NULL;NULL;NULL;NULL;NULL;NULL;NULL;NULL;NULL;NULL;NULL;NULL;NULL;NULL;NULL;NULL;0;NULL;NULL;NULL;-2;-2;-2;-2;-2;-2;-2;-2;-2;-2;-2;-2;-2;-2;-2;-2;09/11/2017 10:24;-2;0;-10;NULL;-2;-2;-2;-2;-2;-2;-2;-2;-2;-2;-2;-2;-2;0;09/11/2017 10:24;06/11/2017 16:39;-2
59;QOP;58;Root entity > Orange > IMT > OLN > QOP;updated from OrangeCarto;5;NULL;"{""0"":""0"",""1"":""1"",""8"":""8"",""58"":""58""}";NULL;NULL;NULL;NULL;NULL;NULL;NULL;NULL;NULL;NULL;NULL;NULL;NULL;NULL;NULL;NULL;0;NULL;NULL;NULL;-2;-2;-2;-2;-2;-2;-2;-2;-2;-2;-2;-2;-2;-2;-2;-2;09/11/2017 10:24;-2;0;-10;NULL;-2;-2;-2;-2;-2;-2;-2;-2;-2;-2;-2;-2;-2;0;09/11/2017 10:24;06/11/2017 16:39;-2
60;OSS;59;Root entity > Orange > IMT > OLN > QOP > OSS;updated from OrangeCarto;6;NULL;"{""0"":""0"",""1"":""1"",""8"":""8"",""58"":""58"",""59"":""59""}";NULL;NULL;NULL;NULL;NULL;NULL;NULL;NULL;NULL;NULL;NULL;NULL;NULL;NULL;NULL;NULL;0;NULL;NULL;NULL;-2;-2;-2;-2;-2;-2;-2;-2;-2;-2;-2;-2;-2;-2;-2;-2;09/11/2017 10:24;-2;0;-10;NULL;-2;-2;-2;-2;-2;-2;-2;-2;-2;-2;-2;-2;-2;0;09/11/2017 10:24;06/11/2017 16:39;-2
61;DISI-PS;34;Root entity > Orange > MEA > WEA > GUINEA > DRSI > DISI-PS;updated from OrangeCarto;7;NULL;"{""0"":""0"",""1"":""1"",""29"":""29"",""30"":""30"",""33"":""33"",""34"":""34""}";NULL;NULL;NULL;NULL;NULL;NULL;NULL;NULL;NULL;NULL;NULL;NULL;NULL;NULL;NULL;NULL;0;NULL;NULL;NULL;-2;-2;-2;-2;-2;-2;-2;-2;-2;-2;-2;-2;-2;-2;-2;-2;09/11/2017 10:24;-2;0;-10;NULL;-2;-2;-2;-2;-2;-2;-2;-2;-2;-2;-2;-2;-2;0;09/11/2017 10:24;06/11/2017 16:39;-2
62;ITXG;49;Root entity > Orange > IMT > OLS > GO > C3S > ITXG;updated from OrangeCarto;7;NULL;"{""0"":""0"",""1"":""1"",""8"":""8"",""9"":""9"",""48"":""48"",""49"":""49""}";NULL;NULL;NULL;NULL;NULL;NULL;NULL;NULL;NULL;NULL;NULL;NULL;NULL;NULL;NULL;NULL;0;NULL;NULL;NULL;-2;-2;-2;-2;-2;-2;-2;-2;-2;-2;-2;-2;-2;-2;-2;-2;09/11/2017 10:24;-2;0;-10;NULL;-2;-2;-2;-2;-2;-2;-2;-2;-2;-2;-2;-2;-2;0;09/11/2017 10:24;06/11/2017 16:39;-2
63;GSSC;1;Root entity > Orange > GSSC;updated from OrangeCarto;3;NULL;"[""0"",""1""]";NULL;NULL;NULL;NULL;NULL;NULL;NULL;NULL;NULL;NULL;NULL;NULL;NULL;NULL;NULL;NULL;0;NULL;NULL;NULL;-2;-2;-2;-2;-2;-2;-2;-2;-2;-2;-2;-2;-2;-2;-2;-2;09/11/2017 10:24;-2;0;-10;NULL;-2;-2;-2;-2;-2;-2;-2;-2;-2;-2;-2;-2;-2;0;09/11/2017 10:24;06/11/2017 16:39;-2
64;GSSC;63;Root entity > Orange > GSSC > GSSC;updated from OrangeCarto;4;NULL;"{""0"":""0"",""1"":""1"",""63"":""63""}";NULL;NULL;NULL;NULL;NULL;NULL;NULL;NULL;NULL;NULL;NULL;NULL;NULL;NULL;NULL;NULL;0;NULL;NULL;NULL;-2;-2;-2;-2;-2;-2;-2;-2;-2;-2;-2;-2;-2;-2;-2;-2;09/11/2017 10:24;-2;0;-10;NULL;-2;-2;-2;-2;-2;-2;-2;-2;-2;-2;-2;-2;-2;0;09/11/2017 10:24;06/11/2017 16:39;-2
65;SC;64;Root entity > Orange > GSSC > GSSC > SC;updated from OrangeCarto;5;NULL;"{""0"":""0"",""1"":""1"",""63"":""63"",""64"":""64""}";NULL;NULL;NULL;NULL;NULL;NULL;NULL;NULL;NULL;NULL;NULL;NULL;NULL;NULL;NULL;NULL;0;NULL;NULL;NULL;-2;-2;-2;-2;-2;-2;-2;-2;-2;-2;-2;-2;-2;-2;-2;-2;09/11/2017 10:24;-2;0;-10;NULL;-2;-2;-2;-2;-2;-2;-2;-2;-2;-2;-2;-2;-2;0;09/11/2017 10:24;06/11/2017 16:39;-2
66;SCF;65;Root entity > Orange > GSSC > GSSC > SC > SCF;updated from OrangeCarto;6;NULL;"{""0"":""0"",""1"":""1"",""63"":""63"",""64"":""64"",""65"":""65""}";NULL;NULL;NULL;NULL;NULL;NULL;NULL;NULL;NULL;NULL;NULL;NULL;NULL;NULL;NULL;NULL;0;NULL;NULL;NULL;-2;-2;-2;-2;-2;-2;-2;-2;-2;-2;-2;-2;-2;-2;-2;-2;09/11/2017 10:24;-2;0;-10;NULL;-2;-2;-2;-2;-2;-2;-2;-2;-2;-2;-2;-2;-2;0;09/11/2017 10:24;06/11/2017 16:39;-2
67;DML;66;Root entity > Orange > GSSC > GSSC > SC > SCF > DML;updated from OrangeCarto;7;NULL;"{""0"":""0"",""1"":""1"",""63"":""63"",""64"":""64"",""65"":""65"",""66"":""66""}";NULL;NULL;NULL;NULL;NULL;NULL;NULL;NULL;NULL;NULL;NULL;NULL;NULL;NULL;NULL;NULL;0;NULL;NULL;NULL;-2;-2;-2;-2;-2;-2;-2;-2;-2;-2;-2;-2;-2;-2;-2;-2;09/11/2017 10:24;-2;0;-10;NULL;-2;-2;-2;-2;-2;-2;-2;-2;-2;-2;-2;-2;-2;0;09/11/2017 10:24;06/11/2017 16:39;-2
68;DTR;67;Root entity > Orange > GSSC > GSSC > SC > SCF > DML > DTR;updated from OrangeCarto;8;NULL;"{""0"":""0"",""1"":""1"",""63"":""63"",""64"":""64"",""65"":""65"",""66"":""66"",""67"":""67""}";NULL;NULL;NULL;NULL;NULL;NULL;NULL;NULL;NULL;NULL;NULL;NULL;NULL;NULL;NULL;NULL;0;NULL;NULL;NULL;-2;-2;-2;-2;-2;-2;-2;-2;-2;-2;-2;-2;-2;-2;-2;-2;09/11/2017 10:24;-2;0;-10;NULL;-2;-2;-2;-2;-2;-2;-2;-2;-2;-2;-2;-2;-2;0;09/11/2017 10:24;06/11/2017 16:39;-2
69;CXI;29;Root entity > Orange > MEA > CXI;updated from OrangeCarto;4;NULL;"{""0"":""0"",""1"":""1"",""29"":""29""}";NULL;NULL;NULL;NULL;NULL;NULL;NULL;NULL;NULL;NULL;NULL;NULL;NULL;NULL;NULL;NULL;0;NULL;NULL;NULL;-2;-2;-2;-2;-2;-2;-2;-2;-2;-2;-2;-2;-2;-2;-2;-2;09/11/2017 10:24;-2;0;-10;NULL;-2;-2;-2;-2;-2;-2;-2;-2;-2;-2;-2;-2;-2;0;09/11/2017 10:24;06/11/2017 16:39;-2
70;FG;1;Root entity > Orange > FG;updated from OrangeCarto;3;NULL;"[""0"",""1""]";NULL;NULL;NULL;NULL;NULL;NULL;NULL;NULL;NULL;NULL;NULL;NULL;NULL;NULL;NULL;NULL;0;NULL;NULL;NULL;-2;-2;-2;-2;-2;-2;-2;-2;-2;-2;-2;-2;-2;-2;-2;-2;09/11/2017 10:24;-2;0;-10;NULL;-2;-2;-2;-2;-2;-2;-2;-2;-2;-2;-2;-2;-2;0;09/11/2017 10:24;06/11/2017 16:39;-2
71;DACRG;70;Root entity > Orange > FG > DACRG;updated from OrangeCarto;4;NULL;"{""0"":""0"",""1"":""1"",""70"":""70""}";NULL;NULL;NULL;NULL;NULL;NULL;NULL;NULL;NULL;NULL;NULL;NULL;NULL;NULL;NULL;NULL;0;NULL;NULL;NULL;-2;-2;-2;-2;-2;-2;-2;-2;-2;-2;-2;-2;-2;-2;-2;-2;09/11/2017 10:24;-2;0;-10;NULL;-2;-2;-2;-2;-2;-2;-2;-2;-2;-2;-2;-2;-2;0;09/11/2017 10:24;06/11/2017 16:39;-2
72;AUDIT;71;Root entity > Orange > FG > DACRG > AUDIT;updated from OrangeCarto;5;NULL;"{""0"":""0"",""1"":""1"",""70"":""70"",""71"":""71""}";NULL;NULL;NULL;NULL;NULL;NULL;NULL;NULL;NULL;NULL;NULL;NULL;NULL;NULL;NULL;NULL;0;NULL;NULL;NULL;-2;-2;-2;-2;-2;-2;-2;-2;-2;-2;-2;-2;-2;-2;-2;-2;09/11/2017 10:24;-2;0;-10;NULL;-2;-2;-2;-2;-2;-2;-2;-2;-2;-2;-2;-2;-2;0;09/11/2017 10:24;06/11/2017 16:39;-2
73;SIR;72;Root entity > Orange > FG > DACRG > AUDIT > SIR;updated from OrangeCarto;6;NULL;"{""0"":""0"",""1"":""1"",""70"":""70"",""71"":""71"",""72"":""72""}";NULL;NULL;NULL;NULL;NULL;NULL;NULL;NULL;NULL;NULL;NULL;NULL;NULL;NULL;NULL;NULL;0;NULL;NULL;NULL;-2;-2;-2;-2;-2;-2;-2;-2;-2;-2;-2;-2;-2;-2;-2;-2;09/11/2017 10:24;-2;0;-10;NULL;-2;-2;-2;-2;-2;-2;-2;-2;-2;-2;-2;-2;-2;0;09/11/2017 10:24;06/11/2017 16:39;-2
74;ES;36;Root entity > Orange > IMT > OLS > ARSEC > ES;updated from OrangeCarto;6;NULL;"{""0"":""0"",""1"":""1"",""8"":""8"",""9"":""9"",""36"":""36""}";NULL;NULL;NULL;NULL;NULL;NULL;NULL;NULL;NULL;NULL;NULL;NULL;NULL;NULL;NULL;NULL;0;NULL;NULL;NULL;-2;-2;-2;-2;-2;-2;-2;-2;-2;-2;-2;-2;-2;-2;-2;-2;09/11/2017 10:24;-2;0;-10;NULL;-2;-2;-2;-2;-2;-2;-2;-2;-2;-2;-2;-2;-2;0;09/11/2017 10:24;06/11/2017 16:39;-2
75;BEI;74;Root entity > Orange > IMT > OLS > ARSEC > ES > BEI;updated from OrangeCarto;7;NULL;"{""0"":""0"",""1"":""1"",""8"":""8"",""9"":""9"",""36"":""36"",""74"":""74""}";NULL;NULL;NULL;NULL;NULL;NULL;NULL;NULL;NULL;NULL;NULL;NULL;NULL;NULL;NULL;NULL;0;NULL;NULL;NULL;-2;-2;-2;-2;-2;-2;-2;-2;-2;-2;-2;-2;-2;-2;-2;-2;09/11/2017 10:24;-2;0;-10;NULL;-2;-2;-2;-2;-2;-2;-2;-2;-2;-2;-2;-2;-2;0;09/11/2017 10:24;06/11/2017 16:39;-2
76;DERS;3;Root entity > Orange > OF > DTSI > DERS;updated from OrangeCarto;5;NULL;"[""0"",""1"",""2"",""3""]";NULL;NULL;NULL;NULL;NULL;NULL;NULL;NULL;NULL;NULL;NULL;NULL;NULL;NULL;NULL;NULL;0;NULL;NULL;NULL;-2;-2;-2;-2;-2;-2;-2;-2;-2;-2;-2;-2;-2;-2;-2;-2;09/11/2017 10:24;-2;0;-10;NULL;-2;-2;-2;-2;-2;-2;-2;-2;-2;-2;-2;-2;-2;0;09/11/2017 10:24;06/11/2017 16:39;-2
77;DS;76;Root entity > Orange > OF > DTSI > DERS > DS;updated from OrangeCarto;6;NULL;"{""0"":""0"",""1"":""1"",""2"":""2"",""3"":""3"",""76"":""76""}";NULL;NULL;NULL;NULL;NULL;NULL;NULL;NULL;NULL;NULL;NULL;NULL;NULL;NULL;NULL;NULL;0;NULL;NULL;NULL;-2;-2;-2;-2;-2;-2;-2;-2;-2;-2;-2;-2;-2;-2;-2;-2;09/11/2017 10:24;-2;0;-10;NULL;-2;-2;-2;-2;-2;-2;-2;-2;-2;-2;-2;-2;-2;0;09/11/2017 10:24;06/11/2017 16:39;-2
78;ETS;77;Root entity > Orange > OF > DTSI > DERS > DS > ETS;updated from OrangeCarto;7;NULL;"{""0"":""0"",""1"":""1"",""2"":""2"",""3"":""3"",""76"":""76"",""77"":""77""}";NULL;NULL;NULL;NULL;NULL;NULL;NULL;NULL;NULL;NULL;NULL;NULL;NULL;NULL;NULL;NULL;0;NULL;NULL;NULL;-2;-2;-2;-2;-2;-2;-2;-2;-2;-2;-2;-2;-2;-2;-2;-2;09/11/2017 10:24;-2;0;-10;NULL;-2;-2;-2;-2;-2;-2;-2;-2;-2;-2;-2;-2;-2;0;09/11/2017 10:24;06/11/2017 16:39;-2
79;PEVA;78;Root entity > Orange > OF > DTSI > DERS > DS > ETS > PEVA;updated from OrangeCarto;8;NULL;"{""0"":""0"",""1"":""1"",""2"":""2"",""3"":""3"",""76"":""76"",""77"":""77"",""78"":""78""}";NULL;NULL;NULL;NULL;NULL;NULL;NULL;NULL;NULL;NULL;NULL;NULL;NULL;NULL;NULL;NULL;0;NULL;NULL;NULL;-2;-2;-2;-2;-2;-2;-2;-2;-2;-2;-2;-2;-2;-2;-2;-2;09/11/2017 10:24;-2;0;-10;NULL;-2;-2;-2;-2;-2;-2;-2;-2;-2;-2;-2;-2;-2;0;09/11/2017 10:24;06/11/2017 16:39;-2
80;CXMB;1;Root entity > Orange > CXMB;updated from OrangeCarto;3;NULL;"[""0"",""1""]";NULL;NULL;NULL;NULL;NULL;NULL;NULL;NULL;NULL;NULL;NULL;NULL;NULL;NULL;NULL;NULL;0;NULL;NULL;NULL;-2;-2;-2;-2;-2;-2;-2;-2;-2;-2;-2;-2;-2;-2;-2;-2;09/11/2017 10:24;-2;0;-10;NULL;-2;-2;-2;-2;-2;-2;-2;-2;-2;-2;-2;-2;-2;0;09/11/2017 10:24;06/11/2017 16:39;-2
81;SOFRECOM;80;Root entity > Orange > CXMB > SOFRECOM;updated from OrangeCarto;4;NULL;"{""0"":""0"",""1"":""1"",""80"":""80""}";NULL;NULL;NULL;NULL;NULL;NULL;NULL;NULL;NULL;NULL;NULL;NULL;NULL;NULL;NULL;NULL;0;NULL;NULL;NULL;-2;-2;-2;-2;-2;-2;-2;-2;-2;-2;-2;-2;-2;-2;-2;-2;09/11/2017 10:24;-2;0;-10;NULL;-2;-2;-2;-2;-2;-2;-2;-2;-2;-2;-2;-2;-2;0;09/11/2017 10:24;06/11/2017 16:39;-2
82;UA IT;81;Root entity > Orange > CXMB > SOFRECOM > UA IT;updated from OrangeCarto;5;NULL;"{""0"":""0"",""1"":""1"",""80"":""80"",""81"":""81""}";NULL;NULL;NULL;NULL;NULL;NULL;NULL;NULL;NULL;NULL;NULL;NULL;NULL;NULL;NULL;NULL;0;NULL;NULL;NULL;-2;-2;-2;-2;-2;-2;-2;-2;-2;-2;-2;-2;-2;-2;-2;-2;09/11/2017 10:24;-2;0;-10;NULL;-2;-2;-2;-2;-2;-2;-2;-2;-2;-2;-2;-2;-2;0;09/11/2017 10:24;06/11/2017 16:39;-2
83;CONSULTING IT;82;Root entity > Orange > CXMB > SOFRECOM > UA IT > CONSULTING IT;updated from OrangeCarto;6;NULL;"{""0"":""0"",""1"":""1"",""80"":""80"",""81"":""81"",""82"":""82""}";NULL;NULL;NULL;NULL;NULL;NULL;NULL;NULL;NULL;NULL;NULL;NULL;NULL;NULL;NULL;NULL;0;NULL;NULL;NULL;-2;-2;-2;-2;-2;-2;-2;-2;-2;-2;-2;-2;-2;-2;-2;-2;09/11/2017 10:24;-2;0;-10;NULL;-2;-2;-2;-2;-2;-2;-2;-2;-2;-2;-2;-2;-2;0;09/11/2017 10:24;06/11/2017 16:39;-2
84;TSIOM;83;Root entity > Orange > CXMB > SOFRECOM > UA IT > CONSULTING IT > TSIOM;updated from OrangeCarto;7;NULL;"{""0"":""0"",""1"":""1"",""80"":""80"",""81"":""81"",""82"":""82"",""83"":""83""}";NULL;NULL;NULL;NULL;NULL;NULL;NULL;NULL;NULL;NULL;NULL;NULL;NULL;NULL;NULL;NULL;0;NULL;NULL;NULL;-2;-2;-2;-2;-2;-2;-2;-2;-2;-2;-2;-2;-2;-2;-2;-2;09/11/2017 10:24;-2;0;-10;NULL;-2;-2;-2;-2;-2;-2;-2;-2;-2;-2;-2;-2;-2;0;09/11/2017 10:24;06/11/2017 16:39;-2
85;SENEGAL;30;Root entity > Orange > MEA > WEA > SENEGAL;updated from OrangeCarto;5;NULL;"{""0"":""0"",""1"":""1"",""29"":""29"",""30"":""30""}";NULL;NULL;NULL;NULL;NULL;NULL;NULL;NULL;NULL;NULL;NULL;NULL;NULL;NULL;NULL;NULL;0;NULL;NULL;NULL;-2;-2;-2;-2;-2;-2;-2;-2;-2;-2;-2;-2;-2;-2;-2;-2;09/11/2017 10:24;-2;0;-10;NULL;-2;-2;-2;-2;-2;-2;-2;-2;-2;-2;-2;-2;-2;0;09/11/2017 10:24;06/11/2017 16:39;-2
86;DSI;85;Root entity > Orange > MEA > WEA > SENEGAL > DSI;updated from OrangeCarto;6;NULL;"{""0"":""0"",""1"":""1"",""29"":""29"",""30"":""30"",""85"":""85""}";NULL;NULL;NULL;NULL;NULL;NULL;NULL;NULL;NULL;NULL;NULL;NULL;NULL;NULL;NULL;NULL;0;NULL;NULL;NULL;-2;-2;-2;-2;-2;-2;-2;-2;-2;-2;-2;-2;-2;-2;-2;-2;09/11/2017 10:24;-2;0;-10;NULL;-2;-2;-2;-2;-2;-2;-2;-2;-2;-2;-2;-2;-2;0;09/11/2017 10:24;06/11/2017 16:39;-2
87;OBS;1;Root entity > Orange > OBS;updated from OrangeCarto;3;NULL;"[""0"",""1""]";NULL;NULL;NULL;NULL;NULL;NULL;NULL;NULL;NULL;NULL;NULL;NULL;NULL;NULL;NULL;NULL;0;NULL;NULL;NULL;-2;-2;-2;-2;-2;-2;-2;-2;-2;-2;-2;-2;-2;-2;-2;-2;09/11/2017 10:24;-2;0;-10;NULL;-2;-2;-2;-2;-2;-2;-2;-2;-2;-2;-2;-2;-2;0;09/11/2017 10:24;06/11/2017 16:39;-2
88;EQUANT;87;Root entity > Orange > OBS > EQUANT;updated from OrangeCarto;4;NULL;"{""0"":""0"",""1"":""1"",""87"":""87""}";NULL;NULL;NULL;NULL;NULL;NULL;NULL;NULL;NULL;NULL;NULL;NULL;NULL;NULL;NULL;NULL;0;NULL;NULL;NULL;-2;-2;-2;-2;-2;-2;-2;-2;-2;-2;-2;-2;-2;-2;-2;-2;09/11/2017 10:24;-2;0;-10;NULL;-2;-2;-2;-2;-2;-2;-2;-2;-2;-2;-2;-2;-2;0;09/11/2017 10:24;06/11/2017 16:39;-2
89;OGSB;88;Root entity > Orange > OBS > EQUANT > OGSB;updated from OrangeCarto;5;NULL;"{""0"":""0"",""1"":""1"",""87"":""87"",""88"":""88""}";NULL;NULL;NULL;NULL;NULL;NULL;NULL;NULL;NULL;NULL;NULL;NULL;NULL;NULL;NULL;NULL;0;NULL;NULL;NULL;-2;-2;-2;-2;-2;-2;-2;-2;-2;-2;-2;-2;-2;-2;-2;-2;09/11/2017 10:24;-2;0;-10;NULL;-2;-2;-2;-2;-2;-2;-2;-2;-2;-2;-2;-2;-2;0;09/11/2017 10:24;06/11/2017 16:39;-2
90;OBSIT;89;Root entity > Orange > OBS > EQUANT > OGSB > OBSIT;updated from OrangeCarto;6;NULL;"{""0"":""0"",""1"":""1"",""87"":""87"",""88"":""88"",""89"":""89""}";NULL;NULL;NULL;NULL;NULL;NULL;NULL;NULL;NULL;NULL;NULL;NULL;NULL;NULL;NULL;NULL;0;NULL;NULL;NULL;-2;-2;-2;-2;-2;-2;-2;-2;-2;-2;-2;-2;-2;-2;-2;-2;09/11/2017 10:24;-2;0;-10;NULL;-2;-2;-2;-2;-2;-2;-2;-2;-2;-2;-2;-2;-2;0;09/11/2017 10:24;06/11/2017 16:39;-2
91;OSS;90;Root entity > Orange > OBS > EQUANT > OGSB > OBSIT > OSS;updated from OrangeCarto;7;NULL;"{""0"":""0"",""1"":""1"",""87"":""87"",""88"":""88"",""89"":""89"",""90"":""90""}";NULL;NULL;NULL;NULL;NULL;NULL;NULL;NULL;NULL;NULL;NULL;NULL;NULL;NULL;NULL;NULL;0;NULL;NULL;NULL;-2;-2;-2;-2;-2;-2;-2;-2;-2;-2;-2;-2;-2;-2;-2;-2;09/11/2017 10:24;-2;0;-10;NULL;-2;-2;-2;-2;-2;-2;-2;-2;-2;-2;-2;-2;-2;0;09/11/2017 10:24;06/11/2017 16:39;-2
92;ICMS;91;Root entity > Orange > OBS > EQUANT > OGSB > OBSIT > OSS > ICMS;updated from OrangeCarto;8;NULL;"{""0"":""0"",""1"":""1"",""87"":""87"",""88"":""88"",""89"":""89"",""90"":""90"",""91"":""91""}";NULL;NULL;NULL;NULL;NULL;NULL;NULL;NULL;NULL;NULL;NULL;NULL;NULL;NULL;NULL;NULL;0;NULL;NULL;NULL;-2;-2;-2;-2;-2;-2;-2;-2;-2;-2;-2;-2;-2;-2;-2;-2;09/11/2017 10:24;-2;0;-10;NULL;-2;-2;-2;-2;-2;-2;-2;-2;-2;-2;-2;-2;-2;0;09/11/2017 10:24;06/11/2017 16:39;-2
93;IC GROUP;92;Root entity > Orange > OBS > EQUANT > OGSB > OBSIT > OSS > ICMS > IC GROUP;updated from OrangeCarto;9;NULL;"{""0"":""0"",""1"":""1"",""87"":""87"",""88"":""88"",""89"":""89"",""90"":""90"",""91"":""91"",""92"":""92""}";NULL;NULL;NULL;NULL;NULL;NULL;NULL;NULL;NULL;NULL;NULL;NULL;NULL;NULL;NULL;NULL;0;NULL;NULL;NULL;-2;-2;-2;-2;-2;-2;-2;-2;-2;-2;-2;-2;-2;-2;-2;-2;09/11/2017 10:24;-2;0;-10;NULL;-2;-2;-2;-2;-2;-2;-2;-2;-2;-2;-2;-2;-2;0;09/11/2017 10:24;06/11/2017 16:39;-2
94;IMPLEMENTA;90;Root entity > Orange > OBS > EQUANT > OGSB > OBSIT > IMPLEMENTA;updated from OrangeCarto;7;NULL;"{""0"":""0"",""1"":""1"",""87"":""87"",""88"":""88"",""89"":""89"",""90"":""90""}";NULL;NULL;NULL;NULL;NULL;NULL;NULL;NULL;NULL;NULL;NULL;NULL;NULL;NULL;NULL;NULL;0;NULL;NULL;NULL;-2;-2;-2;-2;-2;-2;-2;-2;-2;-2;-2;-2;-2;-2;-2;-2;09/11/2017 10:24;-2;0;-10;NULL;-2;-2;-2;-2;-2;-2;-2;-2;-2;-2;-2;-2;-2;0;09/11/2017 10:24;06/11/2017 16:39;-2
95;SERVICES;94;Root entity > Orange > OBS > EQUANT > OGSB > OBSIT > IMPLEMENTA > SERVICES;updated from OrangeCarto;8;NULL;"{""0"":""0"",""1"":""1"",""87"":""87"",""88"":""88"",""89"":""89"",""90"":""90"",""94"":""94""}";NULL;NULL;NULL;NULL;NULL;NULL;NULL;NULL;NULL;NULL;NULL;NULL;NULL;NULL;NULL;NULL;0;NULL;NULL;NULL;-2;-2;-2;-2;-2;-2;-2;-2;-2;-2;-2;-2;-2;-2;-2;-2;09/11/2017 10:24;-2;0;-10;NULL;-2;-2;-2;-2;-2;-2;-2;-2;-2;-2;-2;-2;-2;0;09/11/2017 10:24;06/11/2017 16:39;-2
96;CRISIS PRB;95;Root entity > Orange > OBS > EQUANT > OGSB > OBSIT > IMPLEMENTA > SERVICES > CRISIS PRB;updated from OrangeCarto;9;NULL;"{""0"":""0"",""1"":""1"",""87"":""87"",""88"":""88"",""89"":""89"",""90"":""90"",""94"":""94"",""95"":""95""}";NULL;NULL;NULL;NULL;NULL;NULL;NULL;NULL;NULL;NULL;NULL;NULL;NULL;NULL;NULL;NULL;0;NULL;NULL;NULL;-2;-2;-2;-2;-2;-2;-2;-2;-2;-2;-2;-2;-2;-2;-2;-2;09/11/2017 10:24;-2;0;-10;NULL;-2;-2;-2;-2;-2;-2;-2;-2;-2;-2;-2;-2;-2;0;09/11/2017 10:24;06/11/2017 16:39;-2
97;OINIS;8;Root entity > Orange > IMT > OINIS;updated from OrangeCarto;4;NULL;"{""0"":""0"",""1"":""1"",""8"":""8""}";NULL;NULL;NULL;NULL;NULL;NULL;NULL;NULL;NULL;NULL;NULL;NULL;NULL;NULL;NULL;NULL;0;NULL;NULL;NULL;-2;-2;-2;-2;-2;-2;-2;-2;-2;-2;-2;-2;-2;-2;-2;-2;09/11/2017 10:24;-2;0;-10;NULL;-2;-2;-2;-2;-2;-2;-2;-2;-2;-2;-2;-2;-2;0;09/11/2017 10:24;06/11/2017 16:39;-2
98;ITE;97;Root entity > Orange > IMT > OINIS > ITE;updated from OrangeCarto;5;NULL;"{""0"":""0"",""1"":""1"",""8"":""8"",""97"":""97""}";NULL;NULL;NULL;NULL;NULL;NULL;NULL;NULL;NULL;NULL;NULL;NULL;NULL;NULL;NULL;NULL;0;NULL;NULL;NULL;-2;-2;-2;-2;-2;-2;-2;-2;-2;-2;-2;-2;-2;-2;-2;-2;09/11/2017 10:24;-2;0;-10;NULL;-2;-2;-2;-2;-2;-2;-2;-2;-2;-2;-2;-2;-2;0;09/11/2017 10:24;06/11/2017 16:39;-2
99;OSIS;98;Root entity > Orange > IMT > OINIS > ITE > OSIS;updated from OrangeCarto;6;NULL;"{""0"":""0"",""1"":""1"",""8"":""8"",""97"":""97"",""98"":""98""}";NULL;NULL;NULL;NULL;NULL;NULL;NULL;NULL;NULL;NULL;NULL;NULL;NULL;NULL;NULL;NULL;0;NULL;NULL;NULL;-2;-2;-2;-2;-2;-2;-2;-2;-2;-2;-2;-2;-2;-2;-2;-2;09/11/2017 10:24;-2;0;-10;NULL;-2;-2;-2;-2;-2;-2;-2;-2;-2;-2;-2;-2;-2;0;09/11/2017 10:24;06/11/2017 16:39;-2
100;PSI;99;Root entity > Orange > IMT > OINIS > ITE > OSIS > PSI;updated from OrangeCarto;7;NULL;"{""0"":""0"",""1"":""1"",""8"":""8"",""97"":""97"",""98"":""98"",""99"":""99""}";NULL;NULL;NULL;NULL;NULL;NULL;NULL;NULL;NULL;NULL;NULL;NULL;NULL;NULL;NULL;NULL;0;NULL;NULL;NULL;-2;-2;-2;-2;-2;-2;-2;-2;-2;-2;-2;-2;-2;-2;-2;-2;09/11/2017 10:24;-2;0;-10;NULL;-2;-2;-2;-2;-2;-2;-2;-2;-2;-2;-2;-2;-2;0;09/11/2017 10:24;06/11/2017 16:39;-2
101;ISNS;100;Root entity > Orange > IMT > OINIS > ITE > OSIS > PSI > ISNS;updated from OrangeCarto;8;NULL;"{""0"":""0"",""1"":""1"",""8"":""8"",""97"":""97"",""98"":""98"",""99"":""99"",""100"":""100""}";NULL;NULL;NULL;NULL;NULL;NULL;NULL;NULL;NULL;NULL;NULL;NULL;NULL;NULL;NULL;NULL;0;NULL;NULL;NULL;-2;-2;-2;-2;-2;-2;-2;-2;-2;-2;-2;-2;-2;-2;-2;-2;09/11/2017 10:24;-2;0;-10;NULL;-2;-2;-2;-2;-2;-2;-2;-2;-2;-2;-2;-2;-2;0;09/11/2017 10:24;06/11/2017 16:39;-2
102;DSI R;4;Root entity > Orange > OF > DTSI > DSI > DSI R;updated from OrangeCarto;6;NULL;"[""0"",""1"",""2"",""3"",""4""]";NULL;NULL;NULL;NULL;NULL;NULL;NULL;NULL;NULL;NULL;NULL;NULL;NULL;NULL;NULL;NULL;0;NULL;NULL;NULL;-2;-2;-2;-2;-2;-2;-2;-2;-2;-2;-2;-2;-2;-2;-2;-2;09/11/2017 10:24;-2;0;-10;NULL;-2;-2;-2;-2;-2;-2;-2;-2;-2;-2;-2;-2;-2;0;09/11/2017 10:24;06/11/2017 16:39;-2
103;DS EXPLOIT;102;Root entity > Orange > OF > DTSI > DSI > DSI R > DS EXPLOIT;updated from OrangeCarto;7;NULL;"{""0"":""0"",""1"":""1"",""2"":""2"",""3"":""3"",""4"":""4"",""102"":""102""}";NULL;NULL;NULL;NULL;NULL;NULL;NULL;NULL;NULL;NULL;NULL;NULL;NULL;NULL;NULL;NULL;0;NULL;NULL;NULL;-2;-2;-2;-2;-2;-2;-2;-2;-2;-2;-2;-2;-2;-2;-2;-2;09/11/2017 10:24;-2;0;-10;NULL;-2;-2;-2;-2;-2;-2;-2;-2;-2;-2;-2;-2;-2;0;09/11/2017 10:24;06/11/2017 16:39;-2
104;MOA P2EGPS;103;Root entity > Orange > OF > DTSI > DSI > DSI R > DS EXPLOIT > MOA P2EGPS;updated from OrangeCarto;8;NULL;"{""0"":""0"",""1"":""1"",""2"":""2"",""3"":""3"",""4"":""4"",""102"":""102"",""103"":""103""}";NULL;NULL;NULL;NULL;NULL;NULL;NULL;NULL;NULL;NULL;NULL;NULL;NULL;NULL;NULL;NULL;0;NULL;NULL;NULL;-2;-2;-2;-2;-2;-2;-2;-2;-2;-2;-2;-2;-2;-2;-2;-2;09/11/2017 10:24;-2;0;-10;NULL;-2;-2;-2;-2;-2;-2;-2;-2;-2;-2;-2;-2;-2;0;09/11/2017 10:24;06/11/2017 16:39;-2
105;IC;8;Root entity > Orange > IMT > IC;updated from OrangeCarto;4;NULL;"{""0"":""0"",""1"":""1"",""8"":""8""}";NULL;NULL;NULL;NULL;NULL;NULL;NULL;NULL;NULL;NULL;NULL;NULL;NULL;NULL;NULL;NULL;0;NULL;NULL;NULL;-2;-2;-2;-2;-2;-2;-2;-2;-2;-2;-2;-2;-2;-2;-2;-2;09/11/2017 10:24;-2;0;-10;NULL;-2;-2;-2;-2;-2;-2;-2;-2;-2;-2;-2;-2;-2;0;09/11/2017 10:24;06/11/2017 16:39;-2
106;CSO;105;Root entity > Orange > IMT > IC > CSO;updated from OrangeCarto;5;NULL;"{""0"":""0"",""1"":""1"",""8"":""8"",""105"":""105""}";NULL;NULL;NULL;NULL;NULL;NULL;NULL;NULL;NULL;NULL;NULL;NULL;NULL;NULL;NULL;NULL;0;NULL;NULL;NULL;-2;-2;-2;-2;-2;-2;-2;-2;-2;-2;-2;-2;-2;-2;-2;-2;09/11/2017 10:24;-2;0;-10;NULL;-2;-2;-2;-2;-2;-2;-2;-2;-2;-2;-2;-2;-2;0;09/11/2017 10:24;06/11/2017 16:39;-2
107;PM;106;Root entity > Orange > IMT > IC > CSO > PM;updated from OrangeCarto;6;NULL;"{""0"":""0"",""1"":""1"",""8"":""8"",""105"":""105"",""106"":""106""}";NULL;NULL;NULL;NULL;NULL;NULL;NULL;NULL;NULL;NULL;NULL;NULL;NULL;NULL;NULL;NULL;0;NULL;NULL;NULL;-2;-2;-2;-2;-2;-2;-2;-2;-2;-2;-2;-2;-2;-2;-2;-2;09/11/2017 10:24;-2;0;-10;NULL;-2;-2;-2;-2;-2;-2;-2;-2;-2;-2;-2;-2;-2;0;09/11/2017 10:24;06/11/2017 16:39;-2
108;ITAR;107;Root entity > Orange > IMT > IC > CSO > PM > ITAR;updated from OrangeCarto;7;NULL;"{""0"":""0"",""1"":""1"",""8"":""8"",""105"":""105"",""106"":""106"",""107"":""107""}";NULL;NULL;NULL;NULL;NULL;NULL;NULL;NULL;NULL;NULL;NULL;NULL;NULL;NULL;NULL;NULL;0;NULL;NULL;NULL;-2;-2;-2;-2;-2;-2;-2;-2;-2;-2;-2;-2;-2;-2;-2;-2;09/11/2017 10:24;-2;0;-10;NULL;-2;-2;-2;-2;-2;-2;-2;-2;-2;-2;-2;-2;-2;0;09/11/2017 10:24;06/11/2017 16:39;-2
109;D2SM;25;Root entity > Orange > OF > DTSI > DESI > D2SM;updated from OrangeCarto;6;NULL;"{""0"":""0"",""1"":""1"",""2"":""2"",""3"":""3"",""25"":""25""}";NULL;NULL;NULL;NULL;NULL;NULL;NULL;NULL;NULL;NULL;NULL;NULL;NULL;NULL;NULL;NULL;0;NULL;NULL;NULL;-2;-2;-2;-2;-2;-2;-2;-2;-2;-2;-2;-2;-2;-2;-2;-2;09/11/2017 10:24;-2;0;-10;NULL;-2;-2;-2;-2;-2;-2;-2;-2;-2;-2;-2;-2;-2;0;09/11/2017 10:24;06/11/2017 16:39;-2
110;ORE;109;Root entity > Orange > OF > DTSI > DESI > D2SM > ORE;updated from OrangeCarto;7;NULL;"{""0"":""0"",""1"":""1"",""2"":""2"",""3"":""3"",""25"":""25"",""109"":""109""}";NULL;NULL;NULL;NULL;NULL;NULL;NULL;NULL;NULL;NULL;NULL;NULL;NULL;NULL;NULL;NULL;0;NULL;NULL;NULL;-2;-2;-2;-2;-2;-2;-2;-2;-2;-2;-2;-2;-2;-2;-2;-2;09/11/2017 10:24;-2;0;-10;NULL;-2;-2;-2;-2;-2;-2;-2;-2;-2;-2;-2;-2;-2;0;09/11/2017 10:24;06/11/2017 16:39;-2
111;OP;1;Root entity > Orange > OP;updated from OrangeCarto;3;NULL;"[""0"",""1""]";NULL;NULL;NULL;NULL;NULL;NULL;NULL;NULL;NULL;NULL;NULL;NULL;NULL;NULL;NULL;NULL;0;NULL;NULL;NULL;-2;-2;-2;-2;-2;-2;-2;-2;-2;-2;-2;-2;-2;-2;-2;-2;09/11/2017 10:24;-2;0;-10;NULL;-2;-2;-2;-2;-2;-2;-2;-2;-2;-2;-2;-2;-2;0;09/11/2017 10:24;06/11/2017 16:39;-2
112;OWF;111;Root entity > Orange > OP > OWF;updated from OrangeCarto;4;NULL;"{""0"":""0"",""1"":""1"",""111"":""111""}";NULL;NULL;NULL;NULL;NULL;NULL;NULL;NULL;NULL;NULL;NULL;NULL;NULL;NULL;NULL;NULL;0;NULL;NULL;NULL;-2;-2;-2;-2;-2;-2;-2;-2;-2;-2;-2;-2;-2;-2;-2;-2;09/11/2017 10:24;-2;0;-10;NULL;-2;-2;-2;-2;-2;-2;-2;-2;-2;-2;-2;-2;-2;0;09/11/2017 10:24;06/11/2017 16:39;-2
113;DSI;112;Root entity > Orange > OP > OWF > DSI;updated from OrangeCarto;5;NULL;"{""0"":""0"",""1"":""1"",""111"":""111"",""112"":""112""}";NULL;NULL;NULL;NULL;NULL;NULL;NULL;NULL;NULL;NULL;NULL;NULL;NULL;NULL;NULL;NULL;0;NULL;NULL;NULL;-2;-2;-2;-2;-2;-2;-2;-2;-2;-2;-2;-2;-2;-2;-2;-2;09/11/2017 10:24;-2;0;-10;NULL;-2;-2;-2;-2;-2;-2;-2;-2;-2;-2;-2;-2;-2;0;09/11/2017 10:24;06/11/2017 16:39;-2
114;DSESF;113;Root entity > Orange > OP > OWF > DSI > DSESF;updated from OrangeCarto;6;NULL;"{""0"":""0"",""1"":""1"",""111"":""111"",""112"":""112"",""113"":""113""}";NULL;NULL;NULL;NULL;NULL;NULL;NULL;NULL;NULL;NULL;NULL;NULL;NULL;NULL;NULL;NULL;0;NULL;NULL;NULL;-2;-2;-2;-2;-2;-2;-2;-2;-2;-2;-2;-2;-2;-2;-2;-2;09/11/2017 10:24;-2;0;-10;NULL;-2;-2;-2;-2;-2;-2;-2;-2;-2;-2;-2;-2;-2;0;09/11/2017 10:24;06/11/2017 16:39;-2
115;SCE;87;Root entity > Orange > OBS > SCE;updated from OrangeCarto;4;NULL;"{""0"":""0"",""1"":""1"",""87"":""87""}";NULL;NULL;NULL;NULL;NULL;NULL;NULL;NULL;NULL;NULL;NULL;NULL;NULL;NULL;NULL;NULL;0;NULL;NULL;NULL;-2;-2;-2;-2;-2;-2;-2;-2;-2;-2;-2;-2;-2;-2;-2;-2;09/11/2017 10:24;-2;0;-10;NULL;-2;-2;-2;-2;-2;-2;-2;-2;-2;-2;-2;-2;-2;0;09/11/2017 10:24;06/11/2017 16:39;-2
116;OGSB;115;Root entity > Orange > OBS > SCE > OGSB;updated from OrangeCarto;5;NULL;"{""0"":""0"",""1"":""1"",""87"":""87"",""115"":""115""}";NULL;NULL;NULL;NULL;NULL;NULL;NULL;NULL;NULL;NULL;NULL;NULL;NULL;NULL;NULL;NULL;0;NULL;NULL;NULL;-2;-2;-2;-2;-2;-2;-2;-2;-2;-2;-2;-2;-2;-2;-2;-2;09/11/2017 10:24;-2;0;-10;NULL;-2;-2;-2;-2;-2;-2;-2;-2;-2;-2;-2;-2;-2;0;09/11/2017 10:24;06/11/2017 16:39;-2
117;OBSIT;116;Root entity > Orange > OBS > SCE > OGSB > OBSIT;updated from OrangeCarto;6;NULL;"{""0"":""0"",""1"":""1"",""87"":""87"",""115"":""115"",""116"":""116""}";NULL;NULL;NULL;NULL;NULL;NULL;NULL;NULL;NULL;NULL;NULL;NULL;NULL;NULL;NULL;NULL;0;NULL;NULL;NULL;-2;-2;-2;-2;-2;-2;-2;-2;-2;-2;-2;-2;-2;-2;-2;-2;09/11/2017 10:24;-2;0;-10;NULL;-2;-2;-2;-2;-2;-2;-2;-2;-2;-2;-2;-2;-2;0;09/11/2017 10:24;06/11/2017 16:39;-2
118;OSS;117;Root entity > Orange > OBS > SCE > OGSB > OBSIT > OSS;updated from OrangeCarto;7;NULL;"{""0"":""0"",""1"":""1"",""87"":""87"",""115"":""115"",""116"":""116"",""117"":""117""}";NULL;NULL;NULL;NULL;NULL;NULL;NULL;NULL;NULL;NULL;NULL;NULL;NULL;NULL;NULL;NULL;0;NULL;NULL;NULL;-2;-2;-2;-2;-2;-2;-2;-2;-2;-2;-2;-2;-2;-2;-2;-2;09/11/2017 10:24;-2;0;-10;NULL;-2;-2;-2;-2;-2;-2;-2;-2;-2;-2;-2;-2;-2;0;09/11/2017 10:24;06/11/2017 16:39;-2
119;ICMS;118;Root entity > Orange > OBS > SCE > OGSB > OBSIT > OSS > ICMS;updated from OrangeCarto;8;NULL;"{""0"":""0"",""1"":""1"",""87"":""87"",""115"":""115"",""116"":""116"",""117"":""117"",""118"":""118""}";NULL;NULL;NULL;NULL;NULL;NULL;NULL;NULL;NULL;NULL;NULL;NULL;NULL;NULL;NULL;NULL;0;NULL;NULL;NULL;-2;-2;-2;-2;-2;-2;-2;-2;-2;-2;-2;-2;-2;-2;-2;-2;09/11/2017 10:24;-2;0;-10;NULL;-2;-2;-2;-2;-2;-2;-2;-2;-2;-2;-2;-2;-2;0;09/11/2017 10:24;06/11/2017 16:39;-2
120;ITBO1;119;Root entity > Orange > OBS > SCE > OGSB > OBSIT > OSS > ICMS > ITBO1;updated from OrangeCarto;9;NULL;"{""0"":""0"",""1"":""1"",""87"":""87"",""115"":""115"",""116"":""116"",""117"":""117"",""118"":""118"",""119"":""119""}";NULL;NULL;NULL;NULL;NULL;NULL;NULL;NULL;NULL;NULL;NULL;NULL;NULL;NULL;NULL;NULL;0;NULL;NULL;NULL;-2;-2;-2;-2;-2;-2;-2;-2;-2;-2;-2;-2;-2;-2;-2;-2;09/11/2017 10:24;-2;0;-10;NULL;-2;-2;-2;-2;-2;-2;-2;-2;-2;-2;-2;-2;-2;0;09/11/2017 10:24;06/11/2017 16:39;-2
121;DSI RCGP;4;Root entity > Orange > OF > DTSI > DSI > DSI RCGP;updated from OrangeCarto;6;NULL;"[""0"",""1"",""2"",""3"",""4""]";NULL;NULL;NULL;NULL;NULL;NULL;NULL;NULL;NULL;NULL;NULL;NULL;NULL;NULL;NULL;NULL;0;NULL;NULL;NULL;-2;-2;-2;-2;-2;-2;-2;-2;-2;-2;-2;-2;-2;-2;-2;-2;09/11/2017 10:24;-2;0;-10;NULL;-2;-2;-2;-2;-2;-2;-2;-2;-2;-2;-2;-2;-2;0;09/11/2017 10:24;06/11/2017 16:39;-2
122;DS AT-SAV;121;Root entity > Orange > OF > DTSI > DSI > DSI RCGP > DS AT-SAV;updated from OrangeCarto;7;NULL;"{""0"":""0"",""1"":""1"",""2"":""2"",""3"":""3"",""4"":""4"",""121"":""121""}";NULL;NULL;NULL;NULL;NULL;NULL;NULL;NULL;NULL;NULL;NULL;NULL;NULL;NULL;NULL;NULL;0;NULL;NULL;NULL;-2;-2;-2;-2;-2;-2;-2;-2;-2;-2;-2;-2;-2;-2;-2;-2;09/11/2017 10:24;-2;0;-10;NULL;-2;-2;-2;-2;-2;-2;-2;-2;-2;-2;-2;-2;-2;0;09/11/2017 10:24;06/11/2017 16:39;-2
123;DPT SAV;122;Root entity > Orange > OF > DTSI > DSI > DSI RCGP > DS AT-SAV > DPT SAV;updated from OrangeCarto;8;NULL;"{""0"":""0"",""1"":""1"",""2"":""2"",""3"":""3"",""4"":""4"",""121"":""121"",""122"":""122""}";NULL;NULL;NULL;NULL;NULL;NULL;NULL;NULL;NULL;NULL;NULL;NULL;NULL;NULL;NULL;NULL;0;NULL;NULL;NULL;-2;-2;-2;-2;-2;-2;-2;-2;-2;-2;-2;-2;-2;-2;-2;-2;09/11/2017 10:24;-2;0;-10;NULL;-2;-2;-2;-2;-2;-2;-2;-2;-2;-2;-2;-2;-2;0;09/11/2017 10:24;06/11/2017 16:39;-2
124;DEF;2;Root entity > Orange > OF > DEF;updated from OrangeCarto;4;NULL;"[""0"",""1"",""2""]";NULL;NULL;NULL;NULL;NULL;NULL;NULL;NULL;NULL;NULL;NULL;NULL;NULL;NULL;NULL;NULL;0;NULL;NULL;NULL;-2;-2;-2;-2;-2;-2;-2;-2;-2;-2;-2;-2;-2;-2;-2;-2;09/11/2017 10:24;-2;0;-10;NULL;-2;-2;-2;-2;-2;-2;-2;-2;-2;-2;-2;-2;-2;0;09/11/2017 10:24;06/11/2017 16:39;-2
125;DRCE;124;Root entity > Orange > OF > DEF > DRCE;updated from OrangeCarto;5;NULL;"{""0"":""0"",""1"":""1"",""2"":""2"",""124"":""124""}";NULL;NULL;NULL;NULL;NULL;NULL;NULL;NULL;NULL;NULL;NULL;NULL;NULL;NULL;NULL;NULL;0;NULL;NULL;NULL;-2;-2;-2;-2;-2;-2;-2;-2;-2;-2;-2;-2;-2;-2;-2;-2;09/11/2017 10:24;-2;0;-10;NULL;-2;-2;-2;-2;-2;-2;-2;-2;-2;-2;-2;-2;-2;0;09/11/2017 10:24;06/11/2017 16:39;-2
126;ACE;125;Root entity > Orange > OF > DEF > DRCE > ACE;updated from OrangeCarto;6;NULL;"{""0"":""0"",""1"":""1"",""2"":""2"",""124"":""124"",""125"":""125""}";NULL;NULL;NULL;NULL;NULL;NULL;NULL;NULL;NULL;NULL;NULL;NULL;NULL;NULL;NULL;NULL;0;NULL;NULL;NULL;-2;-2;-2;-2;-2;-2;-2;-2;-2;-2;-2;-2;-2;-2;-2;-2;09/11/2017 10:24;-2;0;-10;NULL;-2;-2;-2;-2;-2;-2;-2;-2;-2;-2;-2;-2;-2;0;09/11/2017 10:24;06/11/2017 16:39;-2
127;AM;126;Root entity > Orange > OF > DEF > DRCE > ACE > AM;updated from OrangeCarto;7;NULL;"{""0"":""0"",""1"":""1"",""2"":""2"",""124"":""124"",""125"":""125"",""126"":""126""}";NULL;NULL;NULL;NULL;NULL;NULL;NULL;NULL;NULL;NULL;NULL;NULL;NULL;NULL;NULL;NULL;0;NULL;NULL;NULL;-2;-2;-2;-2;-2;-2;-2;-2;-2;-2;-2;-2;-2;-2;-2;-2;09/11/2017 10:24;-2;0;-10;NULL;-2;-2;-2;-2;-2;-2;-2;-2;-2;-2;-2;-2;-2;0;09/11/2017 10:24;06/11/2017 16:39;-2
128;PRSI;40;Root entity > Orange > MEA > WECA > IVORY COAST > PRSI;updated from OrangeCarto;6;NULL;"{""0"":""0"",""1"":""1"",""29"":""29"",""39"":""39"",""40"":""40""}";NULL;NULL;NULL;NULL;NULL;NULL;NULL;NULL;NULL;NULL;NULL;NULL;NULL;NULL;NULL;NULL;0;NULL;NULL;NULL;-2;-2;-2;-2;-2;-2;-2;-2;-2;-2;-2;-2;-2;-2;-2;-2;09/11/2017 10:24;-2;0;-10;NULL;-2;-2;-2;-2;-2;-2;-2;-2;-2;-2;-2;-2;-2;0;09/11/2017 10:24;06/11/2017 16:39;-2
129;DPA;128;Root entity > Orange > MEA > WECA > IVORY COAST > PRSI > DPA;updated from OrangeCarto;7;NULL;"{""0"":""0"",""1"":""1"",""29"":""29"",""39"":""39"",""40"":""40"",""128"":""128""}";NULL;NULL;NULL;NULL;NULL;NULL;NULL;NULL;NULL;NULL;NULL;NULL;NULL;NULL;NULL;NULL;0;NULL;NULL;NULL;-2;-2;-2;-2;-2;-2;-2;-2;-2;-2;-2;-2;-2;-2;-2;-2;09/11/2017 10:24;-2;0;-10;NULL;-2;-2;-2;-2;-2;-2;-2;-2;-2;-2;-2;-2;-2;0;09/11/2017 10:24;06/11/2017 16:39;-2
130;PAYSOL;10;Root entity > Orange > IMT > OLS > CCMB > PAYSOL;updated from OrangeCarto;6;NULL;"{""0"":""0"",""1"":""1"",""8"":""8"",""9"":""9"",""10"":""10""}";NULL;NULL;NULL;NULL;NULL;NULL;NULL;NULL;NULL;NULL;NULL;NULL;NULL;NULL;NULL;NULL;0;NULL;NULL;NULL;-2;-2;-2;-2;-2;-2;-2;-2;-2;-2;-2;-2;-2;-2;-2;-2;09/11/2017 10:24;-2;0;-10;NULL;-2;-2;-2;-2;-2;-2;-2;-2;-2;-2;-2;-2;-2;0;09/11/2017 10:24;06/11/2017 16:39;-2
131;SED;130;Root entity > Orange > IMT > OLS > CCMB > PAYSOL > SED;updated from OrangeCarto;7;NULL;"{""0"":""0"",""1"":""1"",""8"":""8"",""9"":""9"",""10"":""10"",""130"":""130""}";NULL;NULL;NULL;NULL;NULL;NULL;NULL;NULL;NULL;NULL;NULL;NULL;NULL;NULL;NULL;NULL;0;NULL;NULL;NULL;-2;-2;-2;-2;-2;-2;-2;-2;-2;-2;-2;-2;-2;-2;-2;-2;09/11/2017 10:24;-2;0;-10;NULL;-2;-2;-2;-2;-2;-2;-2;-2;-2;-2;-2;-2;-2;0;09/11/2017 10:24;06/11/2017 16:39;-2
132;P-C;80;Root entity > Orange > CXMB > P-C;updated from OrangeCarto;4;NULL;"{""0"":""0"",""1"":""1"",""80"":""80""}";NULL;NULL;NULL;NULL;NULL;NULL;NULL;NULL;NULL;NULL;NULL;NULL;NULL;NULL;NULL;NULL;0;NULL;NULL;NULL;-2;-2;-2;-2;-2;-2;-2;-2;-2;-2;-2;-2;-2;-2;-2;-2;09/11/2017 10:24;-2;0;-10;NULL;-2;-2;-2;-2;-2;-2;-2;-2;-2;-2;-2;-2;-2;0;09/11/2017 10:24;06/11/2017 16:39;-2
133;SOFT;9;Root entity > Orange > IMT > OLS > SOFT;updated from OrangeCarto;5;NULL;"{""0"":""0"",""1"":""1"",""8"":""8"",""9"":""9""}";NULL;NULL;NULL;NULL;NULL;NULL;NULL;NULL;NULL;NULL;NULL;NULL;NULL;NULL;NULL;NULL;0;NULL;NULL;NULL;-2;-2;-2;-2;-2;-2;-2;-2;-2;-2;-2;-2;-2;-2;-2;-2;09/11/2017 10:24;-2;0;-10;NULL;-2;-2;-2;-2;-2;-2;-2;-2;-2;-2;-2;-2;-2;0;09/11/2017 10:24;06/11/2017 16:39;-2
134;SAM;133;Root entity > Orange > IMT > OLS > SOFT > SAM;updated from OrangeCarto;6;NULL;"{""0"":""0"",""1"":""1"",""8"":""8"",""9"":""9"",""133"":""133""}";NULL;NULL;NULL;NULL;NULL;NULL;NULL;NULL;NULL;NULL;NULL;NULL;NULL;NULL;NULL;NULL;0;NULL;NULL;NULL;-2;-2;-2;-2;-2;-2;-2;-2;-2;-2;-2;-2;-2;-2;-2;-2;09/11/2017 10:24;-2;0;-10;NULL;-2;-2;-2;-2;-2;-2;-2;-2;-2;-2;-2;-2;-2;0;09/11/2017 10:24;06/11/2017 16:39;-2
135;DPSI;4;Root entity > Orange > OF > DTSI > DSI > DPSI;updated from OrangeCarto;6;NULL;"[""0"",""1"",""2"",""3"",""4""]";NULL;NULL;NULL;NULL;NULL;NULL;NULL;NULL;NULL;NULL;NULL;NULL;NULL;NULL;NULL;NULL;0;NULL;NULL;NULL;-2;-2;-2;-2;-2;-2;-2;-2;-2;-2;-2;-2;-2;-2;-2;-2;09/11/2017 10:24;-2;0;-10;NULL;-2;-2;-2;-2;-2;-2;-2;-2;-2;-2;-2;-2;-2;0;09/11/2017 10:24;06/11/2017 16:39;-2
136;PSO;135;Root entity > Orange > OF > DTSI > DSI > DPSI > PSO;updated from OrangeCarto;7;NULL;"{""0"":""0"",""1"":""1"",""2"":""2"",""3"":""3"",""4"":""4"",""135"":""135""}";NULL;NULL;NULL;NULL;NULL;NULL;NULL;NULL;NULL;NULL;NULL;NULL;NULL;NULL;NULL;NULL;0;NULL;NULL;NULL;-2;-2;-2;-2;-2;-2;-2;-2;-2;-2;-2;-2;-2;-2;-2;-2;09/11/2017 10:24;-2;0;-10;NULL;-2;-2;-2;-2;-2;-2;-2;-2;-2;-2;-2;-2;-2;0;09/11/2017 10:24;06/11/2017 16:39;-2
137;PAAF;136;Root entity > Orange > OF > DTSI > DSI > DPSI > PSO > PAAF;updated from OrangeCarto;8;NULL;"{""0"":""0"",""1"":""1"",""2"":""2"",""3"":""3"",""4"":""4"",""135"":""135"",""136"":""136""}";NULL;NULL;NULL;NULL;NULL;NULL;NULL;NULL;NULL;NULL;NULL;NULL;NULL;NULL;NULL;NULL;0;NULL;NULL;NULL;-2;-2;-2;-2;-2;-2;-2;-2;-2;-2;-2;-2;-2;-2;-2;-2;09/11/2017 10:24;-2;0;-10;NULL;-2;-2;-2;-2;-2;-2;-2;-2;-2;-2;-2;-2;-2;0;09/11/2017 10:24;06/11/2017 16:39;-2
138;CED;45;Root entity > Orange > IMT > OLPS > OPENSERV > PAYSOL > CED;updated from OrangeCarto;7;NULL;"{""0"":""0"",""1"":""1"",""8"":""8"",""43"":""43"",""44"":""44"",""45"":""45""}";NULL;NULL;NULL;NULL;NULL;NULL;NULL;NULL;NULL;NULL;NULL;NULL;NULL;NULL;NULL;NULL;0;NULL;NULL;NULL;-2;-2;-2;-2;-2;-2;-2;-2;-2;-2;-2;-2;-2;-2;-2;-2;09/11/2017 10:24;-2;0;-10;NULL;-2;-2;-2;-2;-2;-2;-2;-2;-2;-2;-2;-2;-2;0;09/11/2017 10:24;06/11/2017 16:39;-2
140;IEP;130;Root entity > Orange > IMT > OLS > CCMB > PAYSOL > IEP;updated from OrangeCarto;7;NULL;"{""0"":""0"",""1"":""1"",""8"":""8"",""9"":""9"",""10"":""10"",""130"":""130""}";NULL;NULL;NULL;NULL;NULL;NULL;NULL;NULL;NULL;NULL;NULL;NULL;NULL;NULL;NULL;NULL;0;NULL;NULL;NULL;-2;-2;-2;-2;-2;-2;-2;-2;-2;-2;-2;-2;-2;-2;-2;-2;09/11/2017 10:24;-2;0;-10;NULL;-2;-2;-2;-2;-2;-2;-2;-2;-2;-2;-2;-2;-2;0;09/11/2017 10:24;06/11/2017 16:39;-2
141;ID;130;Root entity > Orange > IMT > OLS > CCMB > PAYSOL > ID;updated from OrangeCarto;7;NULL;"{""0"":""0"",""1"":""1"",""8"":""8"",""9"":""9"",""10"":""10"",""130"":""130""}";NULL;NULL;NULL;NULL;NULL;NULL;NULL;NULL;NULL;NULL;NULL;NULL;NULL;NULL;NULL;NULL;0;NULL;NULL;NULL;-2;-2;-2;-2;-2;-2;-2;-2;-2;-2;-2;-2;-2;-2;-2;-2;09/11/2017 10:24;-2;0;-10;NULL;-2;-2;-2;-2;-2;-2;-2;-2;-2;-2;-2;-2;-2;0;09/11/2017 10:24;06/11/2017 16:39;-2
142;S2B;90;Root entity > Orange > OBS > EQUANT > OGSB > OBSIT > S2B;updated from OrangeCarto;7;NULL;"{""0"":""0"",""1"":""1"",""87"":""87"",""88"":""88"",""89"":""89"",""90"":""90""}";NULL;NULL;NULL;NULL;NULL;NULL;NULL;NULL;NULL;NULL;NULL;NULL;NULL;NULL;NULL;NULL;0;NULL;NULL;NULL;-2;-2;-2;-2;-2;-2;-2;-2;-2;-2;-2;-2;-2;-2;-2;-2;09/11/2017 10:24;-2;0;-10;NULL;-2;-2;-2;-2;-2;-2;-2;-2;-2;-2;-2;-2;-2;0;09/11/2017 10:24;06/11/2017 16:39;-2
143;RS AND W;142;Root entity > Orange > OBS > EQUANT > OGSB > OBSIT > S2B > RS AND W;updated from OrangeCarto;8;NULL;"{""0"":""0"",""1"":""1"",""87"":""87"",""88"":""88"",""89"":""89"",""90"":""90"",""142"":""142""}";NULL;NULL;NULL;NULL;NULL;NULL;NULL;NULL;NULL;NULL;NULL;NULL;NULL;NULL;NULL;NULL;0;NULL;NULL;NULL;-2;-2;-2;-2;-2;-2;-2;-2;-2;-2;-2;-2;-2;-2;-2;-2;09/11/2017 10:24;-2;0;-10;NULL;-2;-2;-2;-2;-2;-2;-2;-2;-2;-2;-2;-2;-2;0;09/11/2017 10:24;06/11/2017 16:39;-2
144;ITE;94;Root entity > Orange > OBS > EQUANT > OGSB > OBSIT > IMPLEMENTA > ITE;updated from OrangeCarto;8;NULL;"{""0"":""0"",""1"":""1"",""87"":""87"",""88"":""88"",""89"":""89"",""90"":""90"",""94"":""94""}";NULL;NULL;NULL;NULL;NULL;NULL;NULL;NULL;NULL;NULL;NULL;NULL;NULL;NULL;NULL;NULL;0;NULL;NULL;NULL;-2;-2;-2;-2;-2;-2;-2;-2;-2;-2;-2;-2;-2;-2;-2;-2;09/11/2017 10:24;-2;0;-10;NULL;-2;-2;-2;-2;-2;-2;-2;-2;-2;-2;-2;-2;-2;0;09/11/2017 10:24;06/11/2017 16:39;-2
145;T AND P;144;Root entity > Orange > OBS > EQUANT > OGSB > OBSIT > IMPLEMENTA > ITE > T AND P;updated from OrangeCarto;9;NULL;"{""0"":""0"",""1"":""1"",""87"":""87"",""88"":""88"",""89"":""89"",""90"":""90"",""94"":""94"",""144"":""144""}";NULL;NULL;NULL;NULL;NULL;NULL;NULL;NULL;NULL;NULL;NULL;NULL;NULL;NULL;NULL;NULL;0;NULL;NULL;NULL;-2;-2;-2;-2;-2;-2;-2;-2;-2;-2;-2;-2;-2;-2;-2;-2;09/11/2017 10:24;-2;0;-10;NULL;-2;-2;-2;-2;-2;-2;-2;-2;-2;-2;-2;-2;-2;0;09/11/2017 10:24;06/11/2017 16:39;-2
146;PITC;117;Root entity > Orange > OBS > SCE > OGSB > OBSIT > PITC;updated from OrangeCarto;7;NULL;"{""0"":""0"",""1"":""1"",""87"":""87"",""115"":""115"",""116"":""116"",""117"":""117""}";NULL;NULL;NULL;NULL;NULL;NULL;NULL;NULL;NULL;NULL;NULL;NULL;NULL;NULL;NULL;NULL;0;NULL;NULL;NULL;-2;-2;-2;-2;-2;-2;-2;-2;-2;-2;-2;-2;-2;-2;-2;-2;09/11/2017 10:24;-2;0;-10;NULL;-2;-2;-2;-2;-2;-2;-2;-2;-2;-2;-2;-2;-2;0;09/11/2017 10:24;06/11/2017 16:39;-2
147;CAM;146;Root entity > Orange > OBS > SCE > OGSB > OBSIT > PITC > CAM;updated from OrangeCarto;8;NULL;"{""0"":""0"",""1"":""1"",""87"":""87"",""115"":""115"",""116"":""116"",""117"":""117"",""146"":""146""}";NULL;NULL;NULL;NULL;NULL;NULL;NULL;NULL;NULL;NULL;NULL;NULL;NULL;NULL;NULL;NULL;0;NULL;NULL;NULL;-2;-2;-2;-2;-2;-2;-2;-2;-2;-2;-2;-2;-2;-2;-2;-2;09/11/2017 10:24;-2;0;-10;NULL;-2;-2;-2;-2;-2;-2;-2;-2;-2;-2;-2;-2;-2;0;09/11/2017 10:24;06/11/2017 16:39;-2
148;SLE;95;Root entity > Orange > OBS > EQUANT > OGSB > OBSIT > IMPLEMENTA > SERVICES > SLE;updated from OrangeCarto;9;NULL;"{""0"":""0"",""1"":""1"",""87"":""87"",""88"":""88"",""89"":""89"",""90"":""90"",""94"":""94"",""95"":""95""}";NULL;NULL;NULL;NULL;NULL;NULL;NULL;NULL;NULL;NULL;NULL;NULL;NULL;NULL;NULL;NULL;0;NULL;NULL;NULL;-2;-2;-2;-2;-2;-2;-2;-2;-2;-2;-2;-2;-2;-2;-2;-2;09/11/2017 10:24;-2;0;-10;NULL;-2;-2;-2;-2;-2;-2;-2;-2;-2;-2;-2;-2;-2;0;09/11/2017 10:24;06/11/2017 16:39;-2
149;DSS;77;Root entity > Orange > OF > DTSI > DERS > DS > DSS;updated from OrangeCarto;7;NULL;"{""0"":""0"",""1"":""1"",""2"":""2"",""3"":""3"",""76"":""76"",""77"":""77""}";NULL;NULL;NULL;NULL;NULL;NULL;NULL;NULL;NULL;NULL;NULL;NULL;NULL;NULL;NULL;NULL;0;NULL;NULL;NULL;-2;-2;-2;-2;-2;-2;-2;-2;-2;-2;-2;-2;-2;-2;-2;-2;09/11/2017 10:24;-2;0;-10;NULL;-2;-2;-2;-2;-2;-2;-2;-2;-2;-2;-2;-2;-2;0;09/11/2017 10:24;06/11/2017 16:39;-2
150;CCIO;149;Root entity > Orange > OF > DTSI > DERS > DS > DSS > CCIO;updated from OrangeCarto;8;NULL;"{""0"":""0"",""1"":""1"",""2"":""2"",""3"":""3"",""76"":""76"",""77"":""77"",""149"":""149""}";NULL;NULL;NULL;NULL;NULL;NULL;NULL;NULL;NULL;NULL;NULL;NULL;NULL;NULL;NULL;NULL;0;NULL;NULL;NULL;-2;-2;-2;-2;-2;-2;-2;-2;-2;-2;-2;-2;-2;-2;-2;-2;09/11/2017 10:24;-2;0;-10;NULL;-2;-2;-2;-2;-2;-2;-2;-2;-2;-2;-2;-2;-2;0;09/11/2017 10:24;06/11/2017 16:39;-2
151;CM;150;Root entity > Orange > OF > DTSI > DERS > DS > DSS > CCIO > CM;updated from OrangeCarto;9;NULL;"{""0"":""0"",""1"":""1"",""2"":""2"",""3"":""3"",""76"":""76"",""77"":""77"",""149"":""149"",""150"":""150""}";NULL;NULL;NULL;NULL;NULL;NULL;NULL;NULL;NULL;NULL;NULL;NULL;NULL;NULL;NULL;NULL;0;NULL;NULL;NULL;-2;-2;-2;-2;-2;-2;-2;-2;-2;-2;-2;-2;-2;-2;-2;-2;09/11/2017 10:24;-2;0;-10;NULL;-2;-2;-2;-2;-2;-2;-2;-2;-2;-2;-2;-2;-2;0;09/11/2017 10:24;06/11/2017 16:39;-2
152;AADS;37;Root entity > Orange > IMT > OLS > ARSEC > API > AADS;updated from OrangeCarto;7;NULL;"{""0"":""0"",""1"":""1"",""8"":""8"",""9"":""9"",""36"":""36"",""37"":""37""}";NULL;NULL;NULL;NULL;NULL;NULL;NULL;NULL;NULL;NULL;NULL;NULL;NULL;NULL;NULL;NULL;0;NULL;NULL;NULL;-2;-2;-2;-2;-2;-2;-2;-2;-2;-2;-2;-2;-2;-2;-2;-2;09/11/2017 10:24;-2;0;-10;NULL;-2;-2;-2;-2;-2;-2;-2;-2;-2;-2;-2;-2;-2;0;09/11/2017 10:24;06/11/2017 16:39;-2
153;ATII;82;Root entity > Orange > CXMB > SOFRECOM > UA IT > ATII;updated from OrangeCarto;6;NULL;"{""0"":""0"",""1"":""1"",""80"":""80"",""81"":""81"",""82"":""82""}";NULL;NULL;NULL;NULL;NULL;NULL;NULL;NULL;NULL;NULL;NULL;NULL;NULL;NULL;NULL;NULL;0;NULL;NULL;NULL;-2;-2;-2;-2;-2;-2;-2;-2;-2;-2;-2;-2;-2;-2;-2;-2;09/11/2017 10:24;-2;0;-10;NULL;-2;-2;-2;-2;-2;-2;-2;-2;-2;-2;-2;-2;-2;0;09/11/2017 10:24;06/11/2017 16:39;-2
154;ASIC;36;Root entity > Orange > IMT > OLS > ARSEC > ASIC;updated from OrangeCarto;6;NULL;"{""0"":""0"",""1"":""1"",""8"":""8"",""9"":""9"",""36"":""36""}";NULL;NULL;NULL;NULL;NULL;NULL;NULL;NULL;NULL;NULL;NULL;NULL;NULL;NULL;NULL;NULL;0;NULL;NULL;NULL;-2;-2;-2;-2;-2;-2;-2;-2;-2;-2;-2;-2;-2;-2;-2;-2;09/11/2017 10:24;-2;0;-10;NULL;-2;-2;-2;-2;-2;-2;-2;-2;-2;-2;-2;-2;-2;0;09/11/2017 10:24;06/11/2017 16:39;-2
155;DSIP;135;Root entity > Orange > OF > DTSI > DSI > DPSI > DSIP;updated from OrangeCarto;7;NULL;"{""0"":""0"",""1"":""1"",""2"":""2"",""3"":""3"",""4"":""4"",""135"":""135""}";NULL;NULL;NULL;NULL;NULL;NULL;NULL;NULL;NULL;NULL;NULL;NULL;NULL;NULL;NULL;NULL;0;NULL;NULL;NULL;-2;-2;-2;-2;-2;-2;-2;-2;-2;-2;-2;-2;-2;-2;-2;-2;09/11/2017 10:24;-2;0;-10;NULL;-2;-2;-2;-2;-2;-2;-2;-2;-2;-2;-2;-2;-2;0;09/11/2017 10:24;06/11/2017 16:39;-2
156;DES;155;Root entity > Orange > OF > DTSI > DSI > DPSI > DSIP > DES;updated from OrangeCarto;8;NULL;"{""0"":""0"",""1"":""1"",""2"":""2"",""3"":""3"",""4"":""4"",""135"":""135"",""155"":""155""}";NULL;NULL;NULL;NULL;NULL;NULL;NULL;NULL;NULL;NULL;NULL;NULL;NULL;NULL;NULL;NULL;0;NULL;NULL;NULL;-2;-2;-2;-2;-2;-2;-2;-2;-2;-2;-2;-2;-2;-2;-2;-2;09/11/2017 10:24;-2;0;-10;NULL;-2;-2;-2;-2;-2;-2;-2;-2;-2;-2;-2;-2;-2;0;09/11/2017 10:24;06/11/2017 16:39;-2
157;EUROPE;1;Root entity > Orange > EUROPE;updated from OrangeCarto;3;NULL;"[""0"",""1""]";NULL;NULL;NULL;NULL;NULL;NULL;NULL;NULL;NULL;NULL;NULL;NULL;NULL;NULL;NULL;NULL;0;NULL;NULL;NULL;-2;-2;-2;-2;-2;-2;-2;-2;-2;-2;-2;-2;-2;-2;-2;-2;09/11/2017 10:24;-2;0;-10;NULL;-2;-2;-2;-2;-2;-2;-2;-2;-2;-2;-2;-2;-2;0;09/11/2017 10:24;06/11/2017 16:39;-2
158;ROMANIA;157;Root entity > Orange > EUROPE > ROMANIA;updated from OrangeCarto;4;NULL;"{""0"":""0"",""1"":""1"",""157"":""157""}";NULL;NULL;NULL;NULL;NULL;NULL;NULL;NULL;NULL;NULL;NULL;NULL;NULL;NULL;NULL;NULL;0;NULL;NULL;NULL;-2;-2;-2;-2;-2;-2;-2;-2;-2;-2;-2;-2;-2;-2;-2;-2;09/11/2017 10:24;-2;0;-10;NULL;-2;-2;-2;-2;-2;-2;-2;-2;-2;-2;-2;-2;-2;0;09/11/2017 10:24;06/11/2017 16:39;-2
159;IT;158;Root entity > Orange > EUROPE > ROMANIA > IT;updated from OrangeCarto;5;NULL;"{""0"":""0"",""1"":""1"",""157"":""157"",""158"":""158""}";NULL;NULL;NULL;NULL;NULL;NULL;NULL;NULL;NULL;NULL;NULL;NULL;NULL;NULL;NULL;NULL;0;NULL;NULL;NULL;-2;-2;-2;-2;-2;-2;-2;-2;-2;-2;-2;-2;-2;-2;-2;-2;09/11/2017 10:24;-2;0;-10;NULL;-2;-2;-2;-2;-2;-2;-2;-2;-2;-2;-2;-2;-2;0;09/11/2017 10:24;06/11/2017 16:39;-2
160;ITMGMT;159;Root entity > Orange > EUROPE > ROMANIA > IT > ITMGMT;updated from OrangeCarto;6;NULL;"{""0"":""0"",""1"":""1"",""157"":""157"",""158"":""158"",""159"":""159""}";NULL;NULL;NULL;NULL;NULL;NULL;NULL;NULL;NULL;NULL;NULL;NULL;NULL;NULL;NULL;NULL;0;NULL;NULL;NULL;-2;-2;-2;-2;-2;-2;-2;-2;-2;-2;-2;-2;-2;-2;-2;-2;09/11/2017 10:24;-2;0;-10;NULL;-2;-2;-2;-2;-2;-2;-2;-2;-2;-2;-2;-2;-2;0;09/11/2017 10:24;06/11/2017 16:39;-2
161;BELGIUM;157;Root entity > Orange > EUROPE > BELGIUM;updated from OrangeCarto;4;NULL;"{""0"":""0"",""1"":""1"",""157"":""157""}";NULL;NULL;NULL;NULL;NULL;NULL;NULL;NULL;NULL;NULL;NULL;NULL;NULL;NULL;NULL;NULL;0;NULL;NULL;NULL;-2;-2;-2;-2;-2;-2;-2;-2;-2;-2;-2;-2;-2;-2;-2;-2;09/11/2017 10:24;-2;0;-10;NULL;-2;-2;-2;-2;-2;-2;-2;-2;-2;-2;-2;-2;-2;0;09/11/2017 10:24;06/11/2017 16:39;-2
162;TD;161;Root entity > Orange > EUROPE > BELGIUM > TD;updated from OrangeCarto;5;NULL;"{""0"":""0"",""1"":""1"",""157"":""157"",""161"":""161""}";NULL;NULL;NULL;NULL;NULL;NULL;NULL;NULL;NULL;NULL;NULL;NULL;NULL;NULL;NULL;NULL;0;NULL;NULL;NULL;-2;-2;-2;-2;-2;-2;-2;-2;-2;-2;-2;-2;-2;-2;-2;-2;09/11/2017 10:24;-2;0;-10;NULL;-2;-2;-2;-2;-2;-2;-2;-2;-2;-2;-2;-2;-2;0;09/11/2017 10:24;06/11/2017 16:39;-2
163;ARCHI;135;Root entity > Orange > OF > DTSI > DSI > DPSI > ARCHI;updated from OrangeCarto;7;NULL;"{""0"":""0"",""1"":""1"",""2"":""2"",""3"":""3"",""4"":""4"",""135"":""135""}";NULL;NULL;NULL;NULL;NULL;NULL;NULL;NULL;NULL;NULL;NULL;NULL;NULL;NULL;NULL;NULL;0;NULL;NULL;NULL;-2;-2;-2;-2;-2;-2;-2;-2;-2;-2;-2;-2;-2;-2;-2;-2;09/11/2017 10:24;-2;0;-10;NULL;-2;-2;-2;-2;-2;-2;-2;-2;-2;-2;-2;-2;-2;0;09/11/2017 10:24;06/11/2017 16:39;-2
164;ORANGECARAIBE;2;Root entity > Orange > OF > ORANGECARAIBE;updated from OrangeCarto;4;NULL;"[""0"",""1"",""2""]";NULL;NULL;NULL;NULL;NULL;NULL;NULL;NULL;NULL;NULL;NULL;NULL;NULL;NULL;NULL;NULL;0;NULL;NULL;NULL;-2;-2;-2;-2;-2;-2;-2;-2;-2;-2;-2;-2;-2;-2;-2;-2;09/11/2017 10:24;-2;0;-10;NULL;-2;-2;-2;-2;-2;-2;-2;-2;-2;-2;-2;-2;-2;0;09/11/2017 10:24;06/11/2017 16:39;-2
165;DRS;164;Root entity > Orange > OF > ORANGECARAIBE > DRS;updated from OrangeCarto;5;NULL;"{""0"":""0"",""1"":""1"",""2"":""2"",""164"":""164""}";NULL;NULL;NULL;NULL;NULL;NULL;NULL;NULL;NULL;NULL;NULL;NULL;NULL;NULL;NULL;NULL;0;NULL;NULL;NULL;-2;-2;-2;-2;-2;-2;-2;-2;-2;-2;-2;-2;-2;-2;-2;-2;09/11/2017 10:24;-2;0;-10;NULL;-2;-2;-2;-2;-2;-2;-2;-2;-2;-2;-2;-2;-2;0;09/11/2017 10:24;06/11/2017 16:39;-2
166;MENA;29;Root entity > Orange > MEA > MENA;updated from OrangeCarto;4;NULL;"{""0"":""0"",""1"":""1"",""29"":""29""}";NULL;NULL;NULL;NULL;NULL;NULL;NULL;NULL;NULL;NULL;NULL;NULL;NULL;NULL;NULL;NULL;0;NULL;NULL;NULL;-2;-2;-2;-2;-2;-2;-2;-2;-2;-2;-2;-2;-2;-2;-2;-2;09/11/2017 10:24;-2;0;-10;NULL;-2;-2;-2;-2;-2;-2;-2;-2;-2;-2;-2;-2;-2;0;09/11/2017 10:24;06/11/2017 16:39;-2
167;TUNISIA;166;Root entity > Orange > MEA > MENA > TUNISIA;updated from OrangeCarto;5;NULL;"{""0"":""0"",""1"":""1"",""29"":""29"",""166"":""166""}";NULL;NULL;NULL;NULL;NULL;NULL;NULL;NULL;NULL;NULL;NULL;NULL;NULL;NULL;NULL;NULL;0;NULL;NULL;NULL;-2;-2;-2;-2;-2;-2;-2;-2;-2;-2;-2;-2;-2;-2;-2;-2;09/11/2017 10:24;-2;0;-10;NULL;-2;-2;-2;-2;-2;-2;-2;-2;-2;-2;-2;-2;-2;0;09/11/2017 10:24;06/11/2017 16:39;-2
168;DSI;167;Root entity > Orange > MEA > MENA > TUNISIA > DSI;updated from OrangeCarto;6;NULL;"{""0"":""0"",""1"":""1"",""29"":""29"",""166"":""166"",""167"":""167""}";NULL;NULL;NULL;NULL;NULL;NULL;NULL;NULL;NULL;NULL;NULL;NULL;NULL;NULL;NULL;NULL;0;NULL;NULL;NULL;-2;-2;-2;-2;-2;-2;-2;-2;-2;-2;-2;-2;-2;-2;-2;-2;09/11/2017 10:24;-2;0;-10;NULL;-2;-2;-2;-2;-2;-2;-2;-2;-2;-2;-2;-2;-2;0;09/11/2017 10:24;06/11/2017 16:39;-2
169;DSMP;76;Root entity > Orange > OF > DTSI > DERS > DSMP;updated from OrangeCarto;6;NULL;"{""0"":""0"",""1"":""1"",""2"":""2"",""3"":""3"",""76"":""76""}";NULL;NULL;NULL;NULL;NULL;NULL;NULL;NULL;NULL;NULL;NULL;NULL;NULL;NULL;NULL;NULL;0;NULL;NULL;NULL;-2;-2;-2;-2;-2;-2;-2;-2;-2;-2;-2;-2;-2;-2;-2;-2;09/11/2017 10:24;-2;0;-10;NULL;-2;-2;-2;-2;-2;-2;-2;-2;-2;-2;-2;-2;-2;0;09/11/2017 10:24;06/11/2017 16:39;-2
170;PSM;169;Root entity > Orange > OF > DTSI > DERS > DSMP > PSM;updated from OrangeCarto;7;NULL;"{""0"":""0"",""1"":""1"",""2"":""2"",""3"":""3"",""76"":""76"",""169"":""169""}";NULL;NULL;NULL;NULL;NULL;NULL;NULL;NULL;NULL;NULL;NULL;NULL;NULL;NULL;NULL;NULL;0;NULL;NULL;NULL;-2;-2;-2;-2;-2;-2;-2;-2;-2;-2;-2;-2;-2;-2;-2;-2;09/11/2017 10:24;-2;0;-10;NULL;-2;-2;-2;-2;-2;-2;-2;-2;-2;-2;-2;-2;-2;0;09/11/2017 10:24;06/11/2017 16:39;-2
171;SDO;170;Root entity > Orange > OF > DTSI > DERS > DSMP > PSM > SDO;updated from OrangeCarto;8;NULL;"{""0"":""0"",""1"":""1"",""2"":""2"",""3"":""3"",""76"":""76"",""169"":""169"",""170"":""170""}";NULL;NULL;NULL;NULL;NULL;NULL;NULL;NULL;NULL;NULL;NULL;NULL;NULL;NULL;NULL;NULL;0;NULL;NULL;NULL;-2;-2;-2;-2;-2;-2;-2;-2;-2;-2;-2;-2;-2;-2;-2;-2;09/11/2017 10:24;-2;0;-10;NULL;-2;-2;-2;-2;-2;-2;-2;-2;-2;-2;-2;-2;-2;0;09/11/2017 10:24;06/11/2017 16:39;-2
172;SQSSI;113;Root entity > Orange > OP > OWF > DSI > SQSSI;updated from OrangeCarto;6;NULL;"{""0"":""0"",""1"":""1"",""111"":""111"",""112"":""112"",""113"":""113""}";NULL;NULL;NULL;NULL;NULL;NULL;NULL;NULL;NULL;NULL;NULL;NULL;NULL;NULL;NULL;NULL;0;NULL;NULL;NULL;-2;-2;-2;-2;-2;-2;-2;-2;-2;-2;-2;-2;-2;-2;-2;-2;09/11/2017 10:24;-2;0;-10;NULL;-2;-2;-2;-2;-2;-2;-2;-2;-2;-2;-2;-2;-2;0;09/11/2017 10:24;06/11/2017 16:39;-2
173;DIF;3;Root entity > Orange > OF > DTSI > DIF;updated from OrangeCarto;5;NULL;"[""0"",""1"",""2"",""3""]";NULL;NULL;NULL;NULL;NULL;NULL;NULL;NULL;NULL;NULL;NULL;NULL;NULL;NULL;NULL;NULL;0;NULL;NULL;NULL;-2;-2;-2;-2;-2;-2;-2;-2;-2;-2;-2;-2;-2;-2;-2;-2;09/11/2017 10:24;-2;0;-10;NULL;-2;-2;-2;-2;-2;-2;-2;-2;-2;-2;-2;-2;-2;0;09/11/2017 10:24;06/11/2017 16:39;-2
174;SPIC;173;Root entity > Orange > OF > DTSI > DIF > SPIC;updated from OrangeCarto;6;NULL;"{""0"":""0"",""1"":""1"",""2"":""2"",""3"":""3"",""173"":""173""}";NULL;NULL;NULL;NULL;NULL;NULL;NULL;NULL;NULL;NULL;NULL;NULL;NULL;NULL;NULL;NULL;0;NULL;NULL;NULL;-2;-2;-2;-2;-2;-2;-2;-2;-2;-2;-2;-2;-2;-2;-2;-2;09/11/2017 10:24;-2;0;-10;NULL;-2;-2;-2;-2;-2;-2;-2;-2;-2;-2;-2;-2;-2;0;09/11/2017 10:24;06/11/2017 16:39;-2
175;MIS;174;Root entity > Orange > OF > DTSI > DIF > SPIC > MIS;updated from OrangeCarto;7;NULL;"{""0"":""0"",""1"":""1"",""2"":""2"",""3"":""3"",""173"":""173"",""174"":""174""}";NULL;NULL;NULL;NULL;NULL;NULL;NULL;NULL;NULL;NULL;NULL;NULL;NULL;NULL;NULL;NULL;0;NULL;NULL;NULL;-2;-2;-2;-2;-2;-2;-2;-2;-2;-2;-2;-2;-2;-2;-2;-2;09/11/2017 10:24;-2;0;-10;NULL;-2;-2;-2;-2;-2;-2;-2;-2;-2;-2;-2;-2;-2;0;09/11/2017 10:24;06/11/2017 16:39;-2
176;SPAIN;157;Root entity > Orange > EUROPE > SPAIN;updated from OrangeCarto;4;NULL;"{""0"":""0"",""1"":""1"",""157"":""157""}";NULL;NULL;NULL;NULL;NULL;NULL;NULL;NULL;NULL;NULL;NULL;NULL;NULL;NULL;NULL;NULL;0;NULL;NULL;NULL;-2;-2;-2;-2;-2;-2;-2;-2;-2;-2;-2;-2;-2;-2;-2;-2;09/11/2017 10:24;-2;0;-10;NULL;-2;-2;-2;-2;-2;-2;-2;-2;-2;-2;-2;-2;-2;0;09/11/2017 10:24;06/11/2017 16:39;-2
177;ORANGE ESPAGNE;176;Root entity > Orange > EUROPE > SPAIN > ORANGE ESPAGNE;updated from OrangeCarto;5;NULL;"{""0"":""0"",""1"":""1"",""157"":""157"",""176"":""176""}";NULL;NULL;NULL;NULL;NULL;NULL;NULL;NULL;NULL;NULL;NULL;NULL;NULL;NULL;NULL;NULL;0;NULL;NULL;NULL;-2;-2;-2;-2;-2;-2;-2;-2;-2;-2;-2;-2;-2;-2;-2;-2;09/11/2017 10:24;-2;0;-10;NULL;-2;-2;-2;-2;-2;-2;-2;-2;-2;-2;-2;-2;-2;0;09/11/2017 10:24;06/11/2017 16:39;-2
178;SISINFO;177;Root entity > Orange > EUROPE > SPAIN > ORANGE ESPAGNE > SISINFO;updated from OrangeCarto;6;NULL;"{""0"":""0"",""1"":""1"",""157"":""157"",""176"":""176"",""177"":""177""}";NULL;NULL;NULL;NULL;NULL;NULL;NULL;NULL;NULL;NULL;NULL;NULL;NULL;NULL;NULL;NULL;0;NULL;NULL;NULL;-2;-2;-2;-2;-2;-2;-2;-2;-2;-2;-2;-2;-2;-2;-2;-2;09/11/2017 10:24;-2;0;-10;NULL;-2;-2;-2;-2;-2;-2;-2;-2;-2;-2;-2;-2;-2;0;09/11/2017 10:24;06/11/2017 16:39;-2
179;ARQIT;178;Root entity > Orange > EUROPE > SPAIN > ORANGE ESPAGNE > SISINFO > ARQIT;updated from OrangeCarto;7;NULL;"{""0"":""0"",""1"":""1"",""157"":""157"",""176"":""176"",""177"":""177"",""178"":""178""}";NULL;NULL;NULL;NULL;NULL;NULL;NULL;NULL;NULL;NULL;NULL;NULL;NULL;NULL;NULL;NULL;0;NULL;NULL;NULL;-2;-2;-2;-2;-2;-2;-2;-2;-2;-2;-2;-2;-2;-2;-2;-2;09/11/2017 10:24;-2;0;-10;NULL;-2;-2;-2;-2;-2;-2;-2;-2;-2;-2;-2;-2;-2;0;09/11/2017 10:24;06/11/2017 16:39;-2
180;NIGER;30;Root entity > Orange > MEA > WEA > NIGER;updated from OrangeCarto;5;NULL;"{""0"":""0"",""1"":""1"",""29"":""29"",""30"":""30""}";NULL;NULL;NULL;NULL;NULL;NULL;NULL;NULL;NULL;NULL;NULL;NULL;NULL;NULL;NULL;NULL;0;NULL;NULL;NULL;-2;-2;-2;-2;-2;-2;-2;-2;-2;-2;-2;-2;-2;-2;-2;-2;09/11/2017 10:24;-2;0;-10;NULL;-2;-2;-2;-2;-2;-2;-2;-2;-2;-2;-2;-2;-2;0;09/11/2017 10:24;06/11/2017 16:39;-2
181;DRS;180;Root entity > Orange > MEA > WEA > NIGER > DRS;updated from OrangeCarto;6;NULL;"{""0"":""0"",""1"":""1"",""29"":""29"",""30"":""30"",""180"":""180""}";NULL;NULL;NULL;NULL;NULL;NULL;NULL;NULL;NULL;NULL;NULL;NULL;NULL;NULL;NULL;NULL;0;NULL;NULL;NULL;-2;-2;-2;-2;-2;-2;-2;-2;-2;-2;-2;-2;-2;-2;-2;-2;09/11/2017 10:24;-2;0;-10;NULL;-2;-2;-2;-2;-2;-2;-2;-2;-2;-2;-2;-2;-2;0;09/11/2017 10:24;06/11/2017 16:39;-2
183;CAMEROON;39;Root entity > Orange > MEA > WECA > CAMEROON;updated from OrangeCarto;5;NULL;"{""0"":""0"",""1"":""1"",""29"":""29"",""39"":""39""}";NULL;NULL;NULL;NULL;NULL;NULL;NULL;NULL;NULL;NULL;NULL;NULL;NULL;NULL;NULL;NULL;0;NULL;NULL;NULL;-2;-2;-2;-2;-2;-2;-2;-2;-2;-2;-2;-2;-2;-2;-2;-2;09/11/2017 10:24;-2;0;-10;NULL;-2;-2;-2;-2;-2;-2;-2;-2;-2;-2;-2;-2;-2;0;09/11/2017 10:24;06/11/2017 16:39;-2
184;DTI;183;Root entity > Orange > MEA > WECA > CAMEROON > DTI;updated from OrangeCarto;6;NULL;"{""0"":""0"",""1"":""1"",""29"":""29"",""39"":""39"",""183"":""183""}";NULL;NULL;NULL;NULL;NULL;NULL;NULL;NULL;NULL;NULL;NULL;NULL;NULL;NULL;NULL;NULL;0;NULL;NULL;NULL;-2;-2;-2;-2;-2;-2;-2;-2;-2;-2;-2;-2;-2;-2;-2;-2;09/11/2017 10:24;-2;0;-10;NULL;-2;-2;-2;-2;-2;-2;-2;-2;-2;-2;-2;-2;-2;0;09/11/2017 10:24;06/11/2017 16:39;-2
185;MARKET INFORMATION SYSTEM;184;Root entity > Orange > MEA > WECA > CAMEROON > DTI > MARKET INFORMATION SYSTEM;updated from OrangeCarto;7;NULL;"{""0"":""0"",""1"":""1"",""29"":""29"",""39"":""39"",""183"":""183"",""184"":""184""}";NULL;NULL;NULL;NULL;NULL;NULL;NULL;NULL;NULL;NULL;NULL;NULL;NULL;NULL;NULL;NULL;0;NULL;NULL;NULL;-2;-2;-2;-2;-2;-2;-2;-2;-2;-2;-2;-2;-2;-2;-2;-2;09/11/2017 10:24;-2;0;-10;NULL;-2;-2;-2;-2;-2;-2;-2;-2;-2;-2;-2;-2;-2;0;09/11/2017 10:24;06/11/2017 16:39;-2
186;QUALITE - METHODES;184;Root entity > Orange > MEA > WECA > CAMEROON > DTI > QUALITE - METHODES;updated from OrangeCarto;7;NULL;"{""0"":""0"",""1"":""1"",""29"":""29"",""39"":""39"",""183"":""183"",""184"":""184""}";NULL;NULL;NULL;NULL;NULL;NULL;NULL;NULL;NULL;NULL;NULL;NULL;NULL;NULL;NULL;NULL;0;NULL;NULL;NULL;-2;-2;-2;-2;-2;-2;-2;-2;-2;-2;-2;-2;-2;-2;-2;-2;09/11/2017 10:24;-2;0;-10;NULL;-2;-2;-2;-2;-2;-2;-2;-2;-2;-2;-2;-2;-2;0;09/11/2017 10:24;06/11/2017 16:39;-2
187;DG;33;Root entity > Orange > MEA > WEA > GUINEA > DG;updated from OrangeCarto;6;NULL;"{""0"":""0"",""1"":""1"",""29"":""29"",""30"":""30"",""33"":""33""}";NULL;NULL;NULL;NULL;NULL;NULL;NULL;NULL;NULL;NULL;NULL;NULL;NULL;NULL;NULL;NULL;0;NULL;NULL;NULL;-2;-2;-2;-2;-2;-2;-2;-2;-2;-2;-2;-2;-2;-2;-2;-2;09/11/2017 10:24;-2;0;-10;NULL;-2;-2;-2;-2;-2;-2;-2;-2;-2;-2;-2;-2;-2;0;09/11/2017 10:24;06/11/2017 16:39;-2
188;DAMR;187;Root entity > Orange > MEA > WEA > GUINEA > DG > DAMR;updated from OrangeCarto;7;NULL;"{""0"":""0"",""1"":""1"",""29"":""29"",""30"":""30"",""33"":""33"",""187"":""187""}";NULL;NULL;NULL;NULL;NULL;NULL;NULL;NULL;NULL;NULL;NULL;NULL;NULL;NULL;NULL;NULL;0;NULL;NULL;NULL;-2;-2;-2;-2;-2;-2;-2;-2;-2;-2;-2;-2;-2;-2;-2;-2;09/11/2017 10:24;-2;0;-10;NULL;-2;-2;-2;-2;-2;-2;-2;-2;-2;-2;-2;-2;-2;0;09/11/2017 10:24;06/11/2017 16:39;-2
189;PRC;77;Root entity > Orange > OF > DTSI > DERS > DS > PRC;updated from OrangeCarto;7;NULL;"{""0"":""0"",""1"":""1"",""2"":""2"",""3"":""3"",""76"":""76"",""77"":""77""}";NULL;NULL;NULL;NULL;NULL;NULL;NULL;NULL;NULL;NULL;NULL;NULL;NULL;NULL;NULL;NULL;0;NULL;NULL;NULL;-2;-2;-2;-2;-2;-2;-2;-2;-2;-2;-2;-2;-2;-2;-2;-2;09/11/2017 10:24;-2;0;-10;NULL;-2;-2;-2;-2;-2;-2;-2;-2;-2;-2;-2;-2;-2;0;09/11/2017 10:24;06/11/2017 16:39;-2
190;EAAS;189;Root entity > Orange > OF > DTSI > DERS > DS > PRC > EAAS;updated from OrangeCarto;8;NULL;"{""0"":""0"",""1"":""1"",""2"":""2"",""3"":""3"",""76"":""76"",""77"":""77"",""189"":""189""}";NULL;NULL;NULL;NULL;NULL;NULL;NULL;NULL;NULL;NULL;NULL;NULL;NULL;NULL;NULL;NULL;0;NULL;NULL;NULL;-2;-2;-2;-2;-2;-2;-2;-2;-2;-2;-2;-2;-2;-2;-2;-2;09/11/2017 10:24;-2;0;-10;NULL;-2;-2;-2;-2;-2;-2;-2;-2;-2;-2;-2;-2;-2;0;09/11/2017 10:24;06/11/2017 16:39;-2
191;SUMER;173;Root entity > Orange > OF > DTSI > DIF > SUMER;updated from OrangeCarto;6;NULL;"{""0"":""0"",""1"":""1"",""2"":""2"",""3"":""3"",""173"":""173""}";NULL;NULL;NULL;NULL;NULL;NULL;NULL;NULL;NULL;NULL;NULL;NULL;NULL;NULL;NULL;NULL;0;NULL;NULL;NULL;-2;-2;-2;-2;-2;-2;-2;-2;-2;-2;-2;-2;-2;-2;-2;-2;09/11/2017 10:24;-2;0;-10;NULL;-2;-2;-2;-2;-2;-2;-2;-2;-2;-2;-2;-2;-2;0;09/11/2017 10:24;06/11/2017 16:39;-2
192;MUSIC;191;Root entity > Orange > OF > DTSI > DIF > SUMER > MUSIC;updated from OrangeCarto;7;NULL;"{""0"":""0"",""1"":""1"",""2"":""2"",""3"":""3"",""173"":""173"",""191"":""191""}";NULL;NULL;NULL;NULL;NULL;NULL;NULL;NULL;NULL;NULL;NULL;NULL;NULL;NULL;NULL;NULL;0;NULL;NULL;NULL;-2;-2;-2;-2;-2;-2;-2;-2;-2;-2;-2;-2;-2;-2;-2;-2;09/11/2017 10:24;-2;0;-10;NULL;-2;-2;-2;-2;-2;-2;-2;-2;-2;-2;-2;-2;-2;0;09/11/2017 10:24;06/11/2017 16:39;-2
193;POPP;192;Root entity > Orange > OF > DTSI > DIF > SUMER > MUSIC > POPP;updated from OrangeCarto;8;NULL;"{""0"":""0"",""1"":""1"",""2"":""2"",""3"":""3"",""173"":""173"",""191"":""191"",""192"":""192""}";NULL;NULL;NULL;NULL;NULL;NULL;NULL;NULL;NULL;NULL;NULL;NULL;NULL;NULL;NULL;NULL;0;NULL;NULL;NULL;-2;-2;-2;-2;-2;-2;-2;-2;-2;-2;-2;-2;-2;-2;-2;-2;09/11/2017 10:24;-2;0;-10;NULL;-2;-2;-2;-2;-2;-2;-2;-2;-2;-2;-2;-2;-2;0;09/11/2017 10:24;06/11/2017 16:39;-2
194;DURBA;41;Root entity > Orange > IMT > OLS > CIS > DURBA;updated from OrangeCarto;6;NULL;"{""0"":""0"",""1"":""1"",""8"":""8"",""9"":""9"",""41"":""41""}";NULL;NULL;NULL;NULL;NULL;NULL;NULL;NULL;NULL;NULL;NULL;NULL;NULL;NULL;NULL;NULL;0;NULL;NULL;NULL;-2;-2;-2;-2;-2;-2;-2;-2;-2;-2;-2;-2;-2;-2;-2;-2;09/11/2017 10:24;-2;0;-10;NULL;-2;-2;-2;-2;-2;-2;-2;-2;-2;-2;-2;-2;-2;0;09/11/2017 10:24;06/11/2017 16:39;-2
195;PO;100;Root entity > Orange > IMT > OINIS > ITE > OSIS > PSI > PO;updated from OrangeCarto;8;NULL;"{""0"":""0"",""1"":""1"",""8"":""8"",""97"":""97"",""98"":""98"",""99"":""99"",""100"":""100""}";NULL;NULL;NULL;NULL;NULL;NULL;NULL;NULL;NULL;NULL;NULL;NULL;NULL;NULL;NULL;NULL;0;NULL;NULL;NULL;-2;-2;-2;-2;-2;-2;-2;-2;-2;-2;-2;-2;-2;-2;-2;-2;09/11/2017 10:24;-2;0;-10;NULL;-2;-2;-2;-2;-2;-2;-2;-2;-2;-2;-2;-2;-2;0;09/11/2017 10:24;06/11/2017 16:39;-2
196;SLOVAKIA;157;Root entity > Orange > EUROPE > SLOVAKIA;updated from OrangeCarto;4;NULL;"{""0"":""0"",""1"":""1"",""157"":""157""}";NULL;NULL;NULL;NULL;NULL;NULL;NULL;NULL;NULL;NULL;NULL;NULL;NULL;NULL;NULL;NULL;0;NULL;NULL;NULL;-2;-2;-2;-2;-2;-2;-2;-2;-2;-2;-2;-2;-2;-2;-2;-2;09/11/2017 10:24;-2;0;-10;NULL;-2;-2;-2;-2;-2;-2;-2;-2;-2;-2;-2;-2;-2;0;09/11/2017 10:24;06/11/2017 16:39;-2
197;ITN;196;Root entity > Orange > EUROPE > SLOVAKIA > ITN;updated from OrangeCarto;5;NULL;"{""0"":""0"",""1"":""1"",""157"":""157"",""196"":""196""}";NULL;NULL;NULL;NULL;NULL;NULL;NULL;NULL;NULL;NULL;NULL;NULL;NULL;NULL;NULL;NULL;0;NULL;NULL;NULL;-2;-2;-2;-2;-2;-2;-2;-2;-2;-2;-2;-2;-2;-2;-2;-2;09/11/2017 10:24;-2;0;-10;NULL;-2;-2;-2;-2;-2;-2;-2;-2;-2;-2;-2;-2;-2;0;09/11/2017 10:24;06/11/2017 16:39;-2
198;ASD;197;Root entity > Orange > EUROPE > SLOVAKIA > ITN > ASD;updated from OrangeCarto;6;NULL;"{""0"":""0"",""1"":""1"",""157"":""157"",""196"":""196"",""197"":""197""}";NULL;NULL;NULL;NULL;NULL;NULL;NULL;NULL;NULL;NULL;NULL;NULL;NULL;NULL;NULL;NULL;0;NULL;NULL;NULL;-2;-2;-2;-2;-2;-2;-2;-2;-2;-2;-2;-2;-2;-2;-2;-2;09/11/2017 10:24;-2;0;-10;NULL;-2;-2;-2;-2;-2;-2;-2;-2;-2;-2;-2;-2;-2;0;09/11/2017 10:24;06/11/2017 16:39;-2
199;OPL GROUP;157;Root entity > Orange > EUROPE > OPL GROUP;updated from OrangeCarto;4;NULL;"{""0"":""0"",""1"":""1"",""157"":""157""}";NULL;NULL;NULL;NULL;NULL;NULL;NULL;NULL;NULL;NULL;NULL;NULL;NULL;NULL;NULL;NULL;0;NULL;NULL;NULL;-2;-2;-2;-2;-2;-2;-2;-2;-2;-2;-2;-2;-2;-2;-2;-2;09/11/2017 10:24;-2;0;-10;NULL;-2;-2;-2;-2;-2;-2;-2;-2;-2;-2;-2;-2;-2;0;09/11/2017 10:24;06/11/2017 16:39;-2
200;OPL;199;Root entity > Orange > EUROPE > OPL GROUP > OPL;updated from OrangeCarto;5;NULL;"{""0"":""0"",""1"":""1"",""157"":""157"",""199"":""199""}";NULL;NULL;NULL;NULL;NULL;NULL;NULL;NULL;NULL;NULL;NULL;NULL;NULL;NULL;NULL;NULL;0;NULL;NULL;NULL;-2;-2;-2;-2;-2;-2;-2;-2;-2;-2;-2;-2;-2;-2;-2;-2;09/11/2017 10:24;-2;0;-10;NULL;-2;-2;-2;-2;-2;-2;-2;-2;-2;-2;-2;-2;-2;0;09/11/2017 10:24;06/11/2017 16:39;-2
201;TI1;200;Root entity > Orange > EUROPE > OPL GROUP > OPL > TI1;updated from OrangeCarto;6;NULL;"{""0"":""0"",""1"":""1"",""157"":""157"",""199"":""199"",""200"":""200""}";NULL;NULL;NULL;NULL;NULL;NULL;NULL;NULL;NULL;NULL;NULL;NULL;NULL;NULL;NULL;NULL;0;NULL;NULL;NULL;-2;-2;-2;-2;-2;-2;-2;-2;-2;-2;-2;-2;-2;-2;-2;-2;09/11/2017 10:24;-2;0;-10;NULL;-2;-2;-2;-2;-2;-2;-2;-2;-2;-2;-2;-2;-2;0;09/11/2017 10:24;06/11/2017 16:39;-2
202;TIA2;201;Root entity > Orange > EUROPE > OPL GROUP > OPL > TI1 > TIA2;updated from OrangeCarto;7;NULL;"{""0"":""0"",""1"":""1"",""157"":""157"",""199"":""199"",""200"":""200"",""201"":""201""}";NULL;NULL;NULL;NULL;NULL;NULL;NULL;NULL;NULL;NULL;NULL;NULL;NULL;NULL;NULL;NULL;0;NULL;NULL;NULL;-2;-2;-2;-2;-2;-2;-2;-2;-2;-2;-2;-2;-2;-2;-2;-2;09/11/2017 10:24;-2;0;-10;NULL;-2;-2;-2;-2;-2;-2;-2;-2;-2;-2;-2;-2;-2;0;09/11/2017 10:24;06/11/2017 16:39;-2
203;TIAAA;202;Root entity > Orange > EUROPE > OPL GROUP > OPL > TI1 > TIA2 > TIAAA;updated from OrangeCarto;8;NULL;"{""0"":""0"",""1"":""1"",""157"":""157"",""199"":""199"",""200"":""200"",""201"":""201"",""202"":""202""}";NULL;NULL;NULL;NULL;NULL;NULL;NULL;NULL;NULL;NULL;NULL;NULL;NULL;NULL;NULL;NULL;0;NULL;NULL;NULL;-2;-2;-2;-2;-2;-2;-2;-2;-2;-2;-2;-2;-2;-2;-2;-2;09/11/2017 10:24;-2;0;-10;NULL;-2;-2;-2;-2;-2;-2;-2;-2;-2;-2;-2;-2;-2;0;09/11/2017 10:24;06/11/2017 16:39;-2
204;EGYPT;166;Root entity > Orange > MEA > MENA > EGYPT;updated from OrangeCarto;5;NULL;"{""0"":""0"",""1"":""1"",""29"":""29"",""166"":""166""}";NULL;NULL;NULL;NULL;NULL;NULL;NULL;NULL;NULL;NULL;NULL;NULL;NULL;NULL;NULL;NULL;0;NULL;NULL;NULL;-2;-2;-2;-2;-2;-2;-2;-2;-2;-2;-2;-2;-2;-2;-2;-2;09/11/2017 10:24;-2;0;-10;NULL;-2;-2;-2;-2;-2;-2;-2;-2;-2;-2;-2;-2;-2;0;09/11/2017 10:24;06/11/2017 16:39;-2
205;TECHNOLOGY;204;Root entity > Orange > MEA > MENA > EGYPT > TECHNOLOGY;updated from OrangeCarto;6;NULL;"{""0"":""0"",""1"":""1"",""29"":""29"",""166"":""166"",""204"":""204""}";NULL;NULL;NULL;NULL;NULL;NULL;NULL;NULL;NULL;NULL;NULL;NULL;NULL;NULL;NULL;NULL;0;NULL;NULL;NULL;-2;-2;-2;-2;-2;-2;-2;-2;-2;-2;-2;-2;-2;-2;-2;-2;09/11/2017 10:24;-2;0;-10;NULL;-2;-2;-2;-2;-2;-2;-2;-2;-2;-2;-2;-2;-2;0;09/11/2017 10:24;06/11/2017 16:39;-2
206;PRODUCTS AND SERVICES;205;Root entity > Orange > MEA > MENA > EGYPT > TECHNOLOGY > PRODUCTS AND SERVICES;updated from OrangeCarto;7;NULL;"{""0"":""0"",""1"":""1"",""29"":""29"",""166"":""166"",""204"":""204"",""205"":""205""}";NULL;NULL;NULL;NULL;NULL;NULL;NULL;NULL;NULL;NULL;NULL;NULL;NULL;NULL;NULL;NULL;0;NULL;NULL;NULL;-2;-2;-2;-2;-2;-2;-2;-2;-2;-2;-2;-2;-2;-2;-2;-2;09/11/2017 10:24;-2;0;-10;NULL;-2;-2;-2;-2;-2;-2;-2;-2;-2;-2;-2;-2;-2;0;09/11/2017 10:24;06/11/2017 16:39;-2
207;DTRS;3;Root entity > Orange > OF > DTSI > DTRS;updated from OrangeCarto;5;NULL;"[""0"",""1"",""2"",""3""]";NULL;NULL;NULL;NULL;NULL;NULL;NULL;NULL;NULL;NULL;NULL;NULL;NULL;NULL;NULL;NULL;0;NULL;NULL;NULL;-2;-2;-2;-2;-2;-2;-2;-2;-2;-2;-2;-2;-2;-2;-2;-2;09/11/2017 10:24;-2;0;-10;NULL;-2;-2;-2;-2;-2;-2;-2;-2;-2;-2;-2;-2;-2;0;09/11/2017 10:24;06/11/2017 16:39;-2
208;UPR O;207;Root entity > Orange > OF > DTSI > DTRS > UPR O;updated from OrangeCarto;6;NULL;"{""0"":""0"",""1"":""1"",""2"":""2"",""3"":""3"",""207"":""207""}";NULL;NULL;NULL;NULL;NULL;NULL;NULL;NULL;NULL;NULL;NULL;NULL;NULL;NULL;NULL;NULL;0;NULL;NULL;NULL;-2;-2;-2;-2;-2;-2;-2;-2;-2;-2;-2;-2;-2;-2;-2;-2;09/11/2017 10:24;-2;0;-10;NULL;-2;-2;-2;-2;-2;-2;-2;-2;-2;-2;-2;-2;-2;0;09/11/2017 10:24;06/11/2017 16:39;-2
209;DREAM;207;Root entity > Orange > OF > DTSI > DTRS > DREAM;updated from OrangeCarto;6;NULL;"{""0"":""0"",""1"":""1"",""2"":""2"",""3"":""3"",""207"":""207""}";NULL;NULL;NULL;NULL;NULL;NULL;NULL;NULL;NULL;NULL;NULL;NULL;NULL;NULL;NULL;NULL;0;NULL;NULL;NULL;-2;-2;-2;-2;-2;-2;-2;-2;-2;-2;-2;-2;-2;-2;-2;-2;09/11/2017 10:24;-2;0;-10;NULL;-2;-2;-2;-2;-2;-2;-2;-2;-2;-2;-2;-2;-2;0;09/11/2017 10:24;06/11/2017 16:39;-2
210;I3P;209;Root entity > Orange > OF > DTSI > DTRS > DREAM > I3P;updated from OrangeCarto;7;NULL;"{""0"":""0"",""1"":""1"",""2"":""2"",""3"":""3"",""207"":""207"",""209"":""209""}";NULL;NULL;NULL;NULL;NULL;NULL;NULL;NULL;NULL;NULL;NULL;NULL;NULL;NULL;NULL;NULL;0;NULL;NULL;NULL;-2;-2;-2;-2;-2;-2;-2;-2;-2;-2;-2;-2;-2;-2;-2;-2;09/11/2017 10:24;-2;0;-10;NULL;-2;-2;-2;-2;-2;-2;-2;-2;-2;-2;-2;-2;-2;0;09/11/2017 10:24;06/11/2017 16:39;-2
211;PAIS;100;Root entity > Orange > IMT > OINIS > ITE > OSIS > PSI > PAIS;updated from OrangeCarto;8;NULL;"{""0"":""0"",""1"":""1"",""8"":""8"",""97"":""97"",""98"":""98"",""99"":""99"",""100"":""100""}";NULL;NULL;NULL;NULL;NULL;NULL;NULL;NULL;NULL;NULL;NULL;NULL;NULL;NULL;NULL;NULL;0;NULL;NULL;NULL;-2;-2;-2;-2;-2;-2;-2;-2;-2;-2;-2;-2;-2;-2;-2;-2;09/11/2017 10:24;-2;0;-10;NULL;-2;-2;-2;-2;-2;-2;-2;-2;-2;-2;-2;-2;-2;0;09/11/2017 10:24;06/11/2017 16:39;-2
212;ISP;105;Root entity > Orange > IMT > IC > ISP;updated from OrangeCarto;5;NULL;"{""0"":""0"",""1"":""1"",""8"":""8"",""105"":""105""}";NULL;NULL;NULL;NULL;NULL;NULL;NULL;NULL;NULL;NULL;NULL;NULL;NULL;NULL;NULL;NULL;0;NULL;NULL;NULL;-2;-2;-2;-2;-2;-2;-2;-2;-2;-2;-2;-2;-2;-2;-2;-2;09/11/2017 10:24;-2;0;-10;NULL;-2;-2;-2;-2;-2;-2;-2;-2;-2;-2;-2;-2;-2;0;09/11/2017 10:24;06/11/2017 16:39;-2
213;POP;212;Root entity > Orange > IMT > IC > ISP > POP;updated from OrangeCarto;6;NULL;"{""0"":""0"",""1"":""1"",""8"":""8"",""105"":""105"",""212"":""212""}";NULL;NULL;NULL;NULL;NULL;NULL;NULL;NULL;NULL;NULL;NULL;NULL;NULL;NULL;NULL;NULL;0;NULL;NULL;NULL;-2;-2;-2;-2;-2;-2;-2;-2;-2;-2;-2;-2;-2;-2;-2;-2;09/11/2017 10:24;-2;0;-10;NULL;-2;-2;-2;-2;-2;-2;-2;-2;-2;-2;-2;-2;-2;0;09/11/2017 10:24;06/11/2017 16:39;-2
214;ISM;117;Root entity > Orange > OBS > SCE > OGSB > OBSIT > ISM;updated from OrangeCarto;7;NULL;"{""0"":""0"",""1"":""1"",""87"":""87"",""115"":""115"",""116"":""116"",""117"":""117""}";NULL;NULL;NULL;NULL;NULL;NULL;NULL;NULL;NULL;NULL;NULL;NULL;NULL;NULL;NULL;NULL;0;NULL;NULL;NULL;-2;-2;-2;-2;-2;-2;-2;-2;-2;-2;-2;-2;-2;-2;-2;-2;09/11/2017 10:24;-2;0;-10;NULL;-2;-2;-2;-2;-2;-2;-2;-2;-2;-2;-2;-2;-2;0;09/11/2017 10:24;06/11/2017 16:39;-2
215;SIERRA LEONE;30;Root entity > Orange > MEA > WEA > SIERRA LEONE;updated from OrangeCarto;5;NULL;"{""0"":""0"",""1"":""1"",""29"":""29"",""30"":""30""}";NULL;NULL;NULL;NULL;NULL;NULL;NULL;NULL;NULL;NULL;NULL;NULL;NULL;NULL;NULL;NULL;0;NULL;NULL;NULL;-2;-2;-2;-2;-2;-2;-2;-2;-2;-2;-2;-2;-2;-2;-2;-2;09/11/2017 10:24;-2;0;-10;NULL;-2;-2;-2;-2;-2;-2;-2;-2;-2;-2;-2;-2;-2;0;09/11/2017 10:24;06/11/2017 16:39;-2
216;IT;215;Root entity > Orange > MEA > WEA > SIERRA LEONE > IT;updated from OrangeCarto;6;NULL;"{""0"":""0"",""1"":""1"",""29"":""29"",""30"":""30"",""215"":""215""}";NULL;NULL;NULL;NULL;NULL;NULL;NULL;NULL;NULL;NULL;NULL;NULL;NULL;NULL;NULL;NULL;0;NULL;NULL;NULL;-2;-2;-2;-2;-2;-2;-2;-2;-2;-2;-2;-2;-2;-2;-2;-2;09/11/2017 10:24;-2;0;-10;NULL;-2;-2;-2;-2;-2;-2;-2;-2;-2;-2;-2;-2;-2;0;09/11/2017 10:24;06/11/2017 16:39;-2
217;DO;2;Root entity > Orange > OF > DO;updated from OrangeCarto;4;NULL;"[""0"",""1"",""2""]";NULL;NULL;NULL;NULL;NULL;NULL;NULL;NULL;NULL;NULL;NULL;NULL;NULL;NULL;NULL;NULL;0;NULL;NULL;NULL;-2;-2;-2;-2;-2;-2;-2;-2;-2;-2;-2;-2;-2;-2;-2;-2;09/11/2017 10:24;-2;0;-10;NULL;-2;-2;-2;-2;-2;-2;-2;-2;-2;-2;-2;-2;-2;0;09/11/2017 10:24;06/11/2017 16:39;-2
218;DORM;217;Root entity > Orange > OF > DO > DORM;updated from OrangeCarto;5;NULL;"{""0"":""0"",""1"":""1"",""2"":""2"",""217"":""217""}";NULL;NULL;NULL;NULL;NULL;NULL;NULL;NULL;NULL;NULL;NULL;NULL;NULL;NULL;NULL;NULL;0;NULL;NULL;NULL;-2;-2;-2;-2;-2;-2;-2;-2;-2;-2;-2;-2;-2;-2;-2;-2;09/11/2017 10:24;-2;0;-10;NULL;-2;-2;-2;-2;-2;-2;-2;-2;-2;-2;-2;-2;-2;0;09/11/2017 10:24;06/11/2017 16:39;-2
219;DSI;218;Root entity > Orange > OF > DO > DORM > DSI;updated from OrangeCarto;6;NULL;"{""0"":""0"",""1"":""1"",""2"":""2"",""217"":""217"",""218"":""218""}";NULL;NULL;NULL;NULL;NULL;NULL;NULL;NULL;NULL;NULL;NULL;NULL;NULL;NULL;NULL;NULL;0;NULL;NULL;NULL;-2;-2;-2;-2;-2;-2;-2;-2;-2;-2;-2;-2;-2;-2;-2;-2;09/11/2017 10:24;-2;0;-10;NULL;-2;-2;-2;-2;-2;-2;-2;-2;-2;-2;-2;-2;-2;0;09/11/2017 10:24;06/11/2017 16:39;-2
220;DCIO;219;Root entity > Orange > OF > DO > DORM > DSI > DCIO;updated from OrangeCarto;7;NULL;"{""0"":""0"",""1"":""1"",""2"":""2"",""217"":""217"",""218"":""218"",""219"":""219""}";NULL;NULL;NULL;NULL;NULL;NULL;NULL;NULL;NULL;NULL;NULL;NULL;NULL;NULL;NULL;NULL;0;NULL;NULL;NULL;-2;-2;-2;-2;-2;-2;-2;-2;-2;-2;-2;-2;-2;-2;-2;-2;09/11/2017 10:24;-2;0;-10;NULL;-2;-2;-2;-2;-2;-2;-2;-2;-2;-2;-2;-2;-2;0;09/11/2017 10:24;06/11/2017 16:39;-2
221;SHINS;98;Root entity > Orange > IMT > OINIS > ITE > SHINS;updated from OrangeCarto;6;NULL;"{""0"":""0"",""1"":""1"",""8"":""8"",""97"":""97"",""98"":""98""}";NULL;NULL;NULL;NULL;NULL;NULL;NULL;NULL;NULL;NULL;NULL;NULL;NULL;NULL;NULL;NULL;0;NULL;NULL;NULL;-2;-2;-2;-2;-2;-2;-2;-2;-2;-2;-2;-2;-2;-2;-2;-2;09/11/2017 10:24;-2;0;-10;NULL;-2;-2;-2;-2;-2;-2;-2;-2;-2;-2;-2;-2;-2;0;09/11/2017 10:24;06/11/2017 16:39;-2
222;GOS;30;Root entity > Orange > MEA > WEA > GOS;updated from OrangeCarto;5;NULL;"{""0"":""0"",""1"":""1"",""29"":""29"",""30"":""30""}";NULL;NULL;NULL;NULL;NULL;NULL;NULL;NULL;NULL;NULL;NULL;NULL;NULL;NULL;NULL;NULL;0;NULL;NULL;NULL;-2;-2;-2;-2;-2;-2;-2;-2;-2;-2;-2;-2;-2;-2;-2;-2;09/11/2017 10:24;-2;0;-10;NULL;-2;-2;-2;-2;-2;-2;-2;-2;-2;-2;-2;-2;-2;0;09/11/2017 10:24;06/11/2017 16:39;-2
223;OCB SUBS;115;Root entity > Orange > OBS > SCE > OCB SUBS;updated from OrangeCarto;5;NULL;"{""0"":""0"",""1"":""1"",""87"":""87"",""115"":""115""}";NULL;NULL;NULL;NULL;NULL;NULL;NULL;NULL;NULL;NULL;NULL;NULL;NULL;NULL;NULL;NULL;0;NULL;NULL;NULL;-2;-2;-2;-2;-2;-2;-2;-2;-2;-2;-2;-2;-2;-2;-2;-2;09/11/2017 10:24;-2;0;-10;NULL;-2;-2;-2;-2;-2;-2;-2;-2;-2;-2;-2;-2;-2;0;09/11/2017 10:24;06/11/2017 16:39;-2
224;MCE;223;Root entity > Orange > OBS > SCE > OCB SUBS > MCE;updated from OrangeCarto;6;NULL;"{""0"":""0"",""1"":""1"",""87"":""87"",""115"":""115"",""223"":""223""}";NULL;NULL;NULL;NULL;NULL;NULL;NULL;NULL;NULL;NULL;NULL;NULL;NULL;NULL;NULL;NULL;0;NULL;NULL;NULL;-2;-2;-2;-2;-2;-2;-2;-2;-2;-2;-2;-2;-2;-2;-2;-2;09/11/2017 10:24;-2;0;-10;NULL;-2;-2;-2;-2;-2;-2;-2;-2;-2;-2;-2;-2;-2;0;09/11/2017 10:24;06/11/2017 16:39;-2
225;SHC;224;Root entity > Orange > OBS > SCE > OCB SUBS > MCE > SHC;updated from OrangeCarto;7;NULL;"{""0"":""0"",""1"":""1"",""87"":""87"",""115"":""115"",""223"":""223"",""224"":""224""}";NULL;NULL;NULL;NULL;NULL;NULL;NULL;NULL;NULL;NULL;NULL;NULL;NULL;NULL;NULL;NULL;0;NULL;NULL;NULL;-2;-2;-2;-2;-2;-2;-2;-2;-2;-2;-2;-2;-2;-2;-2;-2;09/11/2017 10:24;-2;0;-10;NULL;-2;-2;-2;-2;-2;-2;-2;-2;-2;-2;-2;-2;-2;0;09/11/2017 10:24;06/11/2017 16:39;-2
226;DOTS;209;Root entity > Orange > OF > DTSI > DTRS > DREAM > DOTS;updated from OrangeCarto;7;NULL;"{""0"":""0"",""1"":""1"",""2"":""2"",""3"":""3"",""207"":""207"",""209"":""209""}";NULL;NULL;NULL;NULL;NULL;NULL;NULL;NULL;NULL;NULL;NULL;NULL;NULL;NULL;NULL;NULL;0;NULL;NULL;NULL;-2;-2;-2;-2;-2;-2;-2;-2;-2;-2;-2;-2;-2;-2;-2;-2;09/11/2017 10:24;-2;0;-10;NULL;-2;-2;-2;-2;-2;-2;-2;-2;-2;-2;-2;-2;-2;0;09/11/2017 10:24;06/11/2017 16:39;-2
227;OPS;226;Root entity > Orange > OF > DTSI > DTRS > DREAM > DOTS > OPS;updated from OrangeCarto;8;NULL;"{""0"":""0"",""1"":""1"",""2"":""2"",""3"":""3"",""207"":""207"",""209"":""209"",""226"":""226""}";NULL;NULL;NULL;NULL;NULL;NULL;NULL;NULL;NULL;NULL;NULL;NULL;NULL;NULL;NULL;NULL;0;NULL;NULL;NULL;-2;-2;-2;-2;-2;-2;-2;-2;-2;-2;-2;-2;-2;-2;-2;-2;09/11/2017 10:24;-2;0;-10;NULL;-2;-2;-2;-2;-2;-2;-2;-2;-2;-2;-2;-2;-2;0;09/11/2017 10:24;06/11/2017 16:39;-2
228;DIXSI;25;Root entity > Orange > OF > DTSI > DESI > DIXSI;updated from OrangeCarto;6;NULL;"{""0"":""0"",""1"":""1"",""2"":""2"",""3"":""3"",""25"":""25""}";NULL;NULL;NULL;NULL;NULL;NULL;NULL;NULL;NULL;NULL;NULL;NULL;NULL;NULL;NULL;NULL;0;NULL;NULL;NULL;-2;-2;-2;-2;-2;-2;-2;-2;-2;-2;-2;-2;-2;-2;-2;-2;09/11/2017 10:24;-2;0;-10;NULL;-2;-2;-2;-2;-2;-2;-2;-2;-2;-2;-2;-2;-2;0;09/11/2017 10:24;06/11/2017 16:39;-2
229;DED;128;Root entity > Orange > MEA > WECA > IVORY COAST > PRSI > DED;updated from OrangeCarto;7;NULL;"{""0"":""0"",""1"":""1"",""29"":""29"",""39"":""39"",""40"":""40"",""128"":""128""}";NULL;NULL;NULL;NULL;NULL;NULL;NULL;NULL;NULL;NULL;NULL;NULL;NULL;NULL;NULL;NULL;0;NULL;NULL;NULL;-2;-2;-2;-2;-2;-2;-2;-2;-2;-2;-2;-2;-2;-2;-2;-2;09/11/2017 10:24;-2;0;-10;NULL;-2;-2;-2;-2;-2;-2;-2;-2;-2;-2;-2;-2;-2;0;09/11/2017 10:24;06/11/2017 16:39;-2
230;S I;64;Root entity > Orange > GSSC > GSSC > S I;updated from OrangeCarto;5;NULL;"{""0"":""0"",""1"":""1"",""63"":""63"",""64"":""64""}";NULL;NULL;NULL;NULL;NULL;NULL;NULL;NULL;NULL;NULL;NULL;NULL;NULL;NULL;NULL;NULL;0;NULL;NULL;NULL;-2;-2;-2;-2;-2;-2;-2;-2;-2;-2;-2;-2;-2;-2;-2;-2;09/11/2017 10:24;-2;0;-10;NULL;-2;-2;-2;-2;-2;-2;-2;-2;-2;-2;-2;-2;-2;0;09/11/2017 10:24;06/11/2017 16:39;-2
231;SBS;230;Root entity > Orange > GSSC > GSSC > S I > SBS;updated from OrangeCarto;6;NULL;"{""0"":""0"",""1"":""1"",""63"":""63"",""64"":""64"",""230"":""230""}";NULL;NULL;NULL;NULL;NULL;NULL;NULL;NULL;NULL;NULL;NULL;NULL;NULL;NULL;NULL;NULL;0;NULL;NULL;NULL;-2;-2;-2;-2;-2;-2;-2;-2;-2;-2;-2;-2;-2;-2;-2;-2;09/11/2017 10:24;-2;0;-10;NULL;-2;-2;-2;-2;-2;-2;-2;-2;-2;-2;-2;-2;-2;0;09/11/2017 10:24;06/11/2017 16:39;-2
232;PTOP;231;Root entity > Orange > GSSC > GSSC > S I > SBS > PTOP;updated from OrangeCarto;7;NULL;"{""0"":""0"",""1"":""1"",""63"":""63"",""64"":""64"",""230"":""230"",""231"":""231""}";NULL;NULL;NULL;NULL;NULL;NULL;NULL;NULL;NULL;NULL;NULL;NULL;NULL;NULL;NULL;NULL;0;NULL;NULL;NULL;-2;-2;-2;-2;-2;-2;-2;-2;-2;-2;-2;-2;-2;-2;-2;-2;09/11/2017 10:24;-2;0;-10;NULL;-2;-2;-2;-2;-2;-2;-2;-2;-2;-2;-2;-2;-2;0;09/11/2017 10:24;06/11/2017 16:39;-2
233;SOFRECOM TUNISIE;82;Root entity > Orange > CXMB > SOFRECOM > UA IT > SOFRECOM TUNISIE;updated from OrangeCarto;6;NULL;"{""0"":""0"",""1"":""1"",""80"":""80"",""81"":""81"",""82"":""82""}";NULL;NULL;NULL;NULL;NULL;NULL;NULL;NULL;NULL;NULL;NULL;NULL;NULL;NULL;NULL;NULL;0;NULL;NULL;NULL;-2;-2;-2;-2;-2;-2;-2;-2;-2;-2;-2;-2;-2;-2;-2;-2;09/11/2017 10:24;-2;0;-10;NULL;-2;-2;-2;-2;-2;-2;-2;-2;-2;-2;-2;-2;-2;0;09/11/2017 10:24;06/11/2017 16:39;-2
234;C2S OLT;233;Root entity > Orange > CXMB > SOFRECOM > UA IT > SOFRECOM TUNISIE > C2S OLT;updated from OrangeCarto;7;NULL;"{""0"":""0"",""1"":""1"",""80"":""80"",""81"":""81"",""82"":""82"",""233"":""233""}";NULL;NULL;NULL;NULL;NULL;NULL;NULL;NULL;NULL;NULL;NULL;NULL;NULL;NULL;NULL;NULL;0;NULL;NULL;NULL;-2;-2;-2;-2;-2;-2;-2;-2;-2;-2;-2;-2;-2;-2;-2;-2;09/11/2017 10:24;-2;0;-10;NULL;-2;-2;-2;-2;-2;-2;-2;-2;-2;-2;-2;-2;-2;0;09/11/2017 10:24;06/11/2017 16:39;-2
235;PAIEMENT-RECHARGEMENT;234;Root entity > Orange > CXMB > SOFRECOM > UA IT > SOFRECOM TUNISIE > C2S OLT > PAIEMENT-RECHARGEMENT;updated from OrangeCarto;8;NULL;"{""0"":""0"",""1"":""1"",""80"":""80"",""81"":""81"",""82"":""82"",""233"":""233"",""234"":""234""}";NULL;NULL;NULL;NULL;NULL;NULL;NULL;NULL;NULL;NULL;NULL;NULL;NULL;NULL;NULL;NULL;0;NULL;NULL;NULL;-2;-2;-2;-2;-2;-2;-2;-2;-2;-2;-2;-2;-2;-2;-2;-2;09/11/2017 10:24;-2;0;-10;NULL;-2;-2;-2;-2;-2;-2;-2;-2;-2;-2;-2;-2;-2;0;09/11/2017 10:24;06/11/2017 16:39;-2
236;Guinea Conakry;0;Root entity > Guinea Conakry;updated from OrangeCarto;2;NULL;"[""0""]";NULL;NULL;NULL;NULL;NULL;NULL;NULL;NULL;NULL;NULL;NULL;NULL;NULL;NULL;NULL;NULL;0;NULL;NULL;NULL;-2;-2;-2;-2;-2;-2;-2;-2;-2;-2;-2;-2;-2;-2;-2;-2;09/11/2017 10:24;-2;0;-10;NULL;-2;-2;-2;-2;-2;-2;-2;-2;-2;-2;-2;-2;-2;0;09/11/2017 10:24;06/11/2017 16:39;-2
237;Group;0;Root entity > Group;updated from OrangeCarto;2;NULL;"[""0""]";NULL;NULL;NULL;NULL;NULL;NULL;NULL;NULL;NULL;NULL;NULL;NULL;NULL;NULL;NULL;NULL;0;NULL;NULL;NULL;-2;-2;-2;-2;-2;-2;-2;-2;-2;-2;-2;-2;-2;-2;-2;-2;09/11/2017 10:24;-2;0;-10;NULL;-2;-2;-2;-2;-2;-2;-2;-2;-2;-2;-2;-2;-2;0;09/11/2017 10:24;06/11/2017 16:39;-2
242;France;0;Root entity > France;updated from OrangeCarto;2;NULL;"[""0""]";NULL;NULL;NULL;NULL;NULL;NULL;NULL;NULL;NULL;NULL;NULL;NULL;NULL;NULL;NULL;NULL;0;NULL;NULL;NULL;-2;-2;-2;-2;-2;-2;-2;-2;-2;-2;-2;-2;-2;-2;-2;-2;09/11/2017 10:24;-2;0;-10;NULL;-2;-2;-2;-2;-2;-2;-2;-2;-2;-2;-2;-2;-2;0;09/11/2017 10:24;06/11/2017 16:39;-2
243;Ivory Coast;0;Root entity > Ivory Coast;updated from OrangeCarto;2;NULL;"[""0""]";NULL;NULL;NULL;NULL;NULL;NULL;NULL;NULL;NULL;NULL;NULL;NULL;NULL;NULL;NULL;NULL;0;NULL;NULL;NULL;-2;-2;-2;-2;-2;-2;-2;-2;-2;-2;-2;-2;-2;-2;-2;-2;09/11/2017 10:24;-2;0;-10;NULL;-2;-2;-2;-2;-2;-2;-2;-2;-2;-2;-2;-2;-2;0;09/11/2017 10:24;06/11/2017 16:39;-2

